x,y,LowEdu_jobs,Jobs
1956342.5,6826710.5,1.0,2.0
1955043.5,6828530.6,0.0,2.0
1954896.1,6828952.8,0.0,1.0
1957117.2,6826933.8,0.0,1.0
1956748.5,6827989.3,0.0,1.0
1956314.2,6828690.2,0.0,1.0
1957748.5,6827296.4,1.0,1.0
1959326.2,6825763.2,0.0,1.0
1958318.1,6827021.7,0.0,1.0
1959465.6,6825906.6,1.0,1.0
1957025.3,6828417.5,1.0,4.0
1958387.8,6827093.4,1.0,1.0
1956306.1,6829255.9,1.0,1.0
1956377.8,6829186.2,1.0,1.0
1957377.8,6828493.3,0.0,1.0
1959027.2,6826890.4,1.0,2.0
1957517.1,6828636.7,1.0,1.0
1960457.5,6825779.4,1.0,2.0
1959588.8,6827181.3,1.0,1.0
1962242.2,6824602.7,0.0,1.0
1960588.8,6826488.4,0.0,1.0
1961877.6,6825375.4,0.0,2.0
1961517.0,6825865.2,0.0,1.0
1960295.8,6827191.4,0.0,1.0
1963162.4,6824545.2,0.0,1.0
1963447.2,6824407.8,0.0,1.0
1963590.7,6824268.4,0.0,2.0
1961508.9,6826430.9,0.0,1.0
1964303.8,6823854.3,0.0,1.0
1960570.5,6827761.1,1.0,1.0
1957841.3,6830692.2,0.0,1.0
1965299.7,6823444.3,0.0,3.0
1959552.4,6829726.6,1.0,1.0
1959550.3,6829868.0,0.0,1.0
1960187.7,6829806.4,0.0,1.0
1962984.6,6827088.5,0.0,1.0
1964920.9,6825206.8,1.0,1.0
1960042.2,6830087.2,0.0,1.0
1959894.8,6830509.4,0.0,1.0
1961396.7,6829328.7,0.0,1.0
1963402.7,6827518.7,2.0,33.0
1963470.4,6827731.9,0.0,2.0
1963613.8,6827592.5,0.0,2.0
1960169.5,6831079.1,0.0,2.0
1963826.9,6827524.8,0.0,1.0
1963609.8,6827875.3,7.0,67.0
1963824.9,6827666.2,0.0,1.0
1964183.5,6827317.8,0.0,1.0
1964255.2,6827248.1,0.0,2.0
1964398.6,6827108.7,0.0,1.0
1961886.6,6829689.3,0.0,1.0
1964396.6,6827250.1,1.0,1.0
1964755.2,6826901.6,0.0,4.0
1964970.3,6826692.6,1.0,1.0
1963820.9,6827949.0,1.0,2.0
1965183.5,6826624.9,3.0,9.0
1961595.7,6830250.9,0.0,1.0
1961667.4,6830181.2,0.0,2.0
1964177.4,6827742.0,0.0,1.0
1962095.7,6829904.5,0.0,1.0
1964247.1,6827813.7,1.0,1.0
1964964.3,6827116.8,3.0,19.0
1965679.4,6826561.3,0.0,1.0
1962378.5,6829908.5,0.0,1.0
1962089.6,6830328.7,0.0,1.0
1964456.2,6828028.8,2.0,2.0
1978008.3,6814998.5,0.0,1.0
1977862.9,6815279.3,0.0,1.0
1962155.2,6830683.2,0.0,1.0
1962227.0,6830613.5,0.0,2.0
1962370.4,6830474.1,1.0,2.0
1961149.2,6831800.3,1.0,2.0
1962007.8,6831105.4,0.0,1.0
1962151.2,6830966.0,0.0,1.0
1961575.4,6831665.0,0.0,1.0
1961714.8,6831808.4,0.0,4.0
1959919.9,6833692.1,0.0,1.0
1962932.0,6830765.0,0.0,2.0
1963214.8,6830769.1,0.0,1.0
1963358.2,6830629.7,0.0,1.0
1961419.9,6832652.8,0.0,1.0
1963141.0,6830980.2,1.0,1.0
1963714.8,6830422.6,0.0,1.0
1978916.4,6815789.4,1.0,2.0
1963137.0,6831263.0,0.0,1.0
1967009.6,6827499.6,1.0,1.0
1960409.8,6834052.7,1.0,1.0
1966218.7,6828407.7,0.0,1.0
1966935.9,6827710.7,1.0,1.0
1972886.2,6822067.7,0.0,3.0
1980201.2,6814959.2,1.0,1.0
1973601.3,6821512.2,0.0,2.0
1965352.1,6829668.2,0.0,1.0
1965782.4,6829250.0,0.0,1.0
1979623.4,6815799.5,0.0,2.0
1965565.2,6829600.5,0.0,1.0
1967644.9,6827579.5,0.0,1.0
1968073.2,6827302.7,0.0,1.0
1965489.4,6829953.0,1.0,2.0
1969075.2,6826468.4,1.0,4.0
1980477.9,6815387.5,0.0,1.0
1969144.9,6826540.1,1.0,1.0
1979902.2,6816086.4,0.0,1.0
1966202.5,6829538.9,0.0,1.0
1956805.8,6838809.9,0.0,24.0
1956877.5,6838740.2,0.0,1.0
1956588.6,6839160.4,0.0,5.0
1956947.2,6838812.0,1.0,2.0
1956586.6,6839301.8,0.0,2.0
1968630.7,6827876.4,0.0,1.0
1970923.6,6825787.7,1.0,5.0
1968839.8,6828091.6,0.0,1.0
1969766.0,6827609.8,0.0,1.0
1958136.0,6839748.3,0.0,1.0
1965451.0,6832639.7,0.0,1.0
1968676.1,6829645.0,0.0,5.0
1969893.3,6828601.7,0.0,1.0
1958775.4,6839545.3,0.0,1.0
1961930.9,6836478.9,0.0,1.0
1962146.0,6836269.8,0.0,2.0
1971684.1,6827000.8,0.0,20.0
1980863.7,6818080.3,1.0,5.0
1962287.4,6836271.8,0.0,1.0
1962430.8,6836132.4,0.0,2.0
1959201.6,6839410.0,0.0,1.0
1959560.2,6839061.5,0.0,1.0
1963215.7,6835648.6,0.0,1.0
1972036.6,6827076.6,0.0,1.0
1960058.2,6838856.5,0.0,1.0
1963285.4,6835720.3,0.0,1.0
1971460.9,6827775.5,0.0,1.0
1971532.6,6827705.8,0.0,2.0
1971604.3,6827636.1,0.0,1.0
1971747.8,6827496.7,0.0,2.0
1971891.2,6827357.3,0.0,2.0
1979277.9,6820179.1,1.0,1.0
1960271.3,6838788.8,0.0,1.0
1971530.6,6827847.2,0.0,1.0
1972104.3,6827289.7,2.0,6.0
1971600.3,6827918.9,1.0,1.0
1971672.0,6827849.2,0.0,1.0
1971526.5,6828130.0,1.0,1.0
1972243.7,6827433.1,1.0,3.0
1972530.6,6827154.3,5.0,78.0
1960336.9,6839143.3,2.0,2.0
1970448.8,6829316.8,0.0,1.0
1971524.5,6828271.4,0.0,1.0
1972026.5,6827783.6,2.0,19.0
1972241.7,6827574.5,0.0,1.0
1973030.5,6826807.9,0.0,1.0
1969514.5,6830364.2,0.0,2.0
1972024.5,6827925.0,0.0,1.0
1972383.1,6827576.5,3.0,130.0
1972454.8,6827506.8,1.0,15.0
1972669.9,6827297.8,4.0,230.0
1973028.5,6826949.3,0.0,4.0
1973315.4,6826670.5,3.0,55.0
1967719.6,6832247.9,0.0,1.0
1972094.2,6827996.7,1.0,3.0
1972237.6,6827857.3,2.0,6.0
1972596.2,6827508.9,1.0,7.0
1973098.2,6827021.0,0.0,1.0
1964346.9,6835664.8,1.0,2.0
1965064.1,6834967.9,0.0,1.0
1971948.7,6828277.5,0.0,1.0
1972163.9,6828068.4,2.0,26.0
1972594.2,6827650.3,1.0,1.0
1972665.9,6827580.6,1.0,11.0
1972952.7,6827301.8,1.0,1.0
1959181.4,6840824.0,0.0,1.0
1972090.1,6828279.5,8.0,42.0
1972305.3,6828070.4,2.0,3.0
1972592.1,6827791.7,0.0,1.0
1972879.0,6827512.9,10.0,29.0
1973022.4,6827373.5,0.0,1.0
1977683.9,6822843.6,0.0,2.0
1970725.5,6829745.1,0.0,1.0
1971944.7,6828560.3,0.0,3.0
1972231.5,6828281.5,0.0,27.0
1972661.8,6827863.4,0.0,3.0
1973092.1,6827445.2,0.0,1.0
1973379.0,6827166.5,0.0,1.0
1980048.5,6820685.2,0.0,1.0
1971082.1,6829538.0,0.0,1.0
1971655.8,6828980.5,0.0,1.0
1972086.1,6828562.3,0.0,1.0
1972301.2,6828353.3,0.0,2.0
1972803.2,6827865.4,0.0,1.0
1972946.7,6827726.0,3.0,46.0
1973520.4,6827168.5,0.0,1.0
1960537.9,6839924.1,0.0,3.0
1966705.4,6833930.6,0.0,1.0
1969358.9,6831352.0,0.0,1.0
1970219.5,6830515.7,0.0,1.0
1970793.2,6829958.2,0.0,1.0
1971151.8,6829609.7,0.0,1.0
1972657.8,6828146.2,0.0,2.0
1973303.2,6827519.0,0.0,1.0
1973374.9,6827449.3,1.0,5.0
1973446.7,6827379.6,0.0,1.0
1978466.7,6822501.2,0.0,1.0
1968424.6,6832399.4,1.0,1.0
1970360.9,6830517.8,0.0,1.0
1971364.9,6829542.1,0.0,2.0
1972010.3,6828914.8,2.0,2.0
1972225.5,6828705.8,0.0,1.0
1972870.9,6828078.5,0.0,4.0
1973086.1,6827869.5,1.0,4.0
1973516.4,6827451.3,0.0,1.0
1972080.0,6828986.6,1.0,2.0
1972151.7,6828916.9,0.0,1.0
1972295.2,6828777.5,1.0,1.0
1972582.0,6828498.7,2.0,16.0
1972653.7,6828429.0,0.0,2.0
1972725.5,6828359.3,0.0,1.0
1972797.2,6828289.6,0.0,1.0
1973370.9,6827732.1,7.0,193.0
1973514.3,6827592.7,0.0,1.0
1973729.5,6827383.7,1.0,2.0
1973801.2,6827314.0,1.0,3.0
1968564.0,6832542.9,0.0,1.0
1970141.7,6831009.6,0.0,2.0
1972364.9,6828849.2,0.0,1.0
1972508.3,6828709.8,0.0,1.0
1973297.2,6827943.2,0.0,1.0
1973655.7,6827594.7,1.0,90.0
1973727.5,6827525.1,0.0,15.0
1973799.2,6827455.4,0.0,2.0
1973870.9,6827385.7,3.0,5.0
1979966.7,6821461.9,0.0,7.0
1970211.4,6831081.4,0.0,1.0
1971287.1,6830036.0,3.0,12.0
1971430.5,6829896.6,0.0,2.0
1971574.0,6829757.2,0.0,1.0
1972147.7,6829199.7,0.0,1.0
1972291.1,6829060.3,0.0,2.0
1972362.8,6828990.6,0.0,1.0
1972434.6,6828920.9,0.0,1.0
1972578.0,6828781.5,0.0,3.0
1972721.4,6828642.1,2.0,4.0
1972864.8,6828502.8,0.0,1.0
1973008.3,6828363.4,0.0,1.0
1973223.4,6828154.3,0.0,1.0
1973366.9,6828014.9,0.0,3.0
1973510.3,6827875.5,1.0,4.0
1973868.9,6827527.1,1.0,4.0
1980179.8,6821394.2,0.0,1.0
1971285.1,6830177.4,20.0,34.0
1971428.5,6830038.0,0.0,6.0
1971643.7,6829828.9,3.0,27.0
1971715.4,6829759.2,0.0,7.0
1971858.8,6829619.9,4.0,61.0
1972647.7,6828853.2,1.0,7.0
1973221.4,6828295.7,1.0,6.0
1973293.1,6828226.0,2.0,5.0
1973364.8,6828156.3,0.0,1.0
1973508.3,6828016.9,0.0,3.0
1973795.1,6827738.2,2.0,43.0
1979962.6,6821744.7,1.0,1.0
1962246.9,6839099.9,0.0,1.0
1971354.8,6830249.1,1.0,25.0
1971426.5,6830179.4,0.0,9.0
1971569.9,6830040.0,1.0,22.0
1972000.2,6829621.9,1.0,8.0
1972143.6,6829482.5,1.0,9.0
1972215.4,6829412.8,1.0,36.0
1972645.7,6828994.7,0.0,13.0
1972789.1,6828855.3,2.0,23.0
1973219.4,6828437.1,1.0,3.0
1973577.9,6828088.7,0.0,24.0
1973649.7,6828019.0,0.0,12.0
1980319.2,6821537.6,0.0,17.0
1967480.1,6834153.9,0.0,1.0
1971424.5,6830320.8,3.0,23.0
1971496.2,6830251.1,2.0,11.0
1971639.6,6830111.7,1.0,6.0
1971783.0,6829972.4,5.0,29.0
1971854.8,6829902.7,3.0,23.0
1971998.2,6829763.3,3.0,32.0
1972213.3,6829554.2,1.0,12.0
1972643.6,6829136.1,2.0,11.0
1972715.3,6829066.4,0.0,3.0
1972787.1,6828996.7,1.0,6.0
1972930.5,6828857.3,1.0,14.0
1973002.2,6828787.6,1.0,4.0
1973145.6,6828648.2,1.0,2.0
1973217.4,6828578.5,1.0,10.0
1973360.8,6828439.1,2.0,52.0
1973504.2,6828299.8,0.0,1.0
1973575.9,6828230.1,0.0,1.0
1973647.6,6828160.4,1.0,2.0
1973862.8,6827951.3,0.0,2.0
1974006.2,6827811.9,2.0,44.0
1974293.1,6827533.2,0.0,1.0
1979169.7,6822794.1,1.0,2.0
1980317.2,6821679.1,1.0,1.0
1961525.7,6840079.7,1.0,1.0
1971565.9,6830322.8,0.0,2.0
1971781.0,6830113.8,3.0,25.0
1971852.7,6830044.1,0.0,30.0
1971924.5,6829974.4,4.0,22.0
1971996.2,6829904.7,1.0,12.0
1972067.9,6829835.0,2.0,8.0
1972139.6,6829765.3,2.0,4.0
1972785.0,6829138.1,1.0,3.0
1972856.8,6829068.4,15.0,71.0
1973573.9,6828371.5,0.0,1.0
1973645.6,6828301.8,3.0,3.0
1973717.3,6828232.1,1.0,3.0
1973860.8,6828092.7,0.0,2.0
1973932.5,6828023.0,4.0,49.0
1974004.2,6827953.3,1.0,24.0
1974075.9,6827883.6,1.0,19.0
1974147.6,6827813.9,1.0,4.0
1974219.3,6827744.3,6.0,16.0
1974291.1,6827674.6,0.0,18.0
1974362.8,6827604.9,0.0,3.0
1980171.7,6821959.8,1.0,1.0
1971779.0,6830255.2,0.0,12.0
1971922.4,6830115.8,1.0,3.0
1972711.3,6829349.2,24.0,151.0
1972998.2,6829070.4,4.0,19.0
1973141.6,6828931.0,4.0,24.0
1973787.0,6828303.8,0.0,5.0
1973858.7,6828234.1,3.0,8.0
1973930.5,6828164.4,0.0,1.0
1974002.2,6828094.7,6.0,26.0
1974073.9,6828025.0,2.0,29.0
1974145.6,6827955.3,6.0,181.0
1974217.3,6827885.7,1.0,16.0
1974289.0,6827816.0,1.0,4.0
1974360.7,6827746.3,0.0,2.0
1974432.5,6827676.6,0.0,3.0
1971777.0,6830396.6,4.0,17.0
1971848.7,6830326.9,0.0,1.0
1971992.1,6830187.5,1.0,5.0
1972135.6,6830048.1,2.0,4.0
1972279.0,6829908.7,1.0,8.0
1973067.8,6829142.1,0.0,3.0
1973211.3,6829002.7,0.0,8.0
1973713.3,6828514.9,39.0,142.0
1974000.1,6828236.1,0.0,3.0
1974071.9,6828166.4,4.0,22.0
1974143.6,6828096.8,6.0,33.0
1974215.3,6828027.1,4.0,45.0
1974287.0,6827957.4,1.0,8.0
1974358.7,6827887.7,1.0,20.0
1974430.4,6827818.0,0.0,1.0
1968547.8,6833674.1,1.0,1.0
1972133.5,6830189.5,0.0,14.0
1972205.2,6830119.8,2.0,13.0
1972277.0,6830050.1,1.0,27.0
1973998.1,6828377.5,2.0,105.0
1974069.8,6828307.9,1.0,13.0
1974285.0,6828098.8,5.0,31.0
1974356.7,6828029.1,0.0,8.0
1979878.8,6822662.8,0.0,1.0
1980022.2,6822523.4,2.0,2.0
1962306.5,6839878.7,0.0,2.0
1970553.8,6831864.2,1.0,2.0
1973996.1,6828519.0,3.0,12.0
1974067.8,6828449.3,1.0,9.0
1974283.0,6828240.2,0.0,5.0
1974354.7,6828170.5,7.0,48.0
1974641.5,6827891.7,5.0,21.0
1969762.9,6832772.2,0.0,1.0
1973707.2,6828939.1,50.0,288.0
1973994.1,6828660.4,7.0,127.0
1974065.8,6828590.7,1.0,1.0
1974137.5,6828521.0,1.0,1.0
1974280.9,6828381.6,5.0,13.0
1974352.7,6828311.9,0.0,1.0
1974424.4,6828242.2,11.0,103.0
1974496.1,6828172.5,1.0,43.0
1974567.8,6828102.8,8.0,42.0
1974639.5,6828033.1,7.0,36.0
1980448.4,6822388.1,0.0,1.0
1970119.4,6832565.1,1.0,3.0
1972557.7,6830195.6,0.0,1.0
1972916.3,6829847.1,0.0,2.0
1974278.9,6828523.0,0.0,1.0
1974350.6,6828453.3,0.0,2.0
1974422.3,6828383.6,0.0,1.0
1974494.1,6828313.9,3.0,8.0
1974565.8,6828244.2,1.0,13.0
1974637.5,6828174.5,0.0,9.0
1974780.9,6828035.2,4.0,22.0
1969113.4,6833682.2,0.0,1.0
1969185.1,6833612.5,1.0,1.0
1970045.7,6832776.2,0.0,1.0
1970260.8,6832567.1,0.0,1.0
1972914.3,6829988.5,1.0,1.0
1973129.4,6829779.5,2.0,14.0
1974492.0,6828455.3,1.0,12.0
1974563.8,6828385.6,1.0,7.0
1974635.5,6828315.9,1.0,8.0
1974778.9,6828176.6,4.0,74.0
1974850.6,6828106.9,3.0,12.0
1974059.7,6829014.9,0.0,2.0
1974346.6,6828736.1,6.0,55.0
1974561.7,6828527.0,1.0,4.0
1974705.2,6828387.7,7.0,28.0
1974992.0,6828108.9,0.0,36.0
1971260.8,6831874.3,0.0,1.0
1973125.4,6830062.3,1.0,5.0
1973770.8,6829435.1,0.0,8.0
1973842.6,6829365.4,0.0,7.0
1973986.0,6829226.0,1.0,1.0
1974129.4,6829086.6,1.0,7.0
1974201.1,6829016.9,2.0,9.0
1974488.0,6828738.1,4.0,113.0
1974559.7,6828668.5,2.0,5.0
1974703.1,6828529.1,3.0,34.0
1974774.8,6828459.4,4.0,23.0
1974846.6,6828389.7,2.0,33.0
1974918.3,6828320.0,0.0,6.0
1973051.7,6830273.4,1.0,6.0
1973123.4,6830203.7,4.0,58.0
1973195.1,6830134.0,4.0,49.0
1973553.7,6829785.5,0.0,1.0
1973984.0,6829367.4,2.0,5.0
1974270.8,6829088.6,1.0,10.0
1974772.8,6828600.8,0.0,12.0
1974844.5,6828531.1,1.0,11.0
1975274.8,6828112.9,0.0,3.0
1960642.9,6842471.5,0.0,1.0
1973121.4,6830345.1,6.0,17.0
1973623.4,6829857.3,1.0,1.0
1973695.1,6829787.6,3.0,6.0
1973910.2,6829578.5,0.0,1.0
1974053.7,6829439.1,0.0,1.0
1974197.1,6829299.7,0.0,3.0
1974914.2,6828602.8,0.0,4.0
1975272.8,6828254.4,0.0,1.0
1975416.2,6828115.0,0.0,1.0
1973549.6,6830068.4,0.0,1.0
1974338.5,6829301.7,0.0,1.0
1975127.4,6828535.1,0.0,4.0
1975342.5,6828326.1,0.0,2.0
1975629.4,6828047.3,0.0,1.0
1981294.9,6822541.7,0.0,1.0
1972256.7,6831464.2,1.0,5.0
1973691.0,6830070.4,0.0,1.0
1973906.2,6829861.3,1.0,37.0
1974193.0,6829582.5,0.0,3.0
1974479.9,6829303.8,0.0,13.0
1974910.2,6828885.6,6.0,27.0
1974981.9,6828815.9,0.0,2.0
1975053.6,6828746.2,0.0,3.0
1975197.0,6828606.9,1.0,3.0
1975483.9,6828328.1,0.0,1.0
1981292.8,6822683.1,0.0,1.0
1964581.2,6839062.6,0.0,2.0
1971681.0,6832163.2,0.0,1.0
1971752.7,6832093.5,0.0,11.0
1971824.4,6832023.8,0.0,8.0
1972039.6,6831814.7,0.0,2.0
1972111.3,6831745.0,0.0,1.0
1973043.6,6830839.0,0.0,1.0
1973617.3,6830281.5,0.0,1.0
1974119.3,6829793.6,0.0,2.0
1974262.7,6829654.3,0.0,1.0
1974836.4,6829096.7,7.0,216.0
1975051.6,6828887.6,1.0,2.0
1975123.3,6828818.0,1.0,7.0
1975195.0,6828748.3,0.0,1.0
1975266.7,6828678.6,1.0,25.0
1975481.9,6828469.5,0.0,3.0
1975553.6,6828399.8,0.0,2.0
1975625.3,6828330.1,0.0,1.0
1975840.5,6828121.0,0.0,2.0
1975912.2,6828051.3,0.0,2.0
1964579.1,6839204.0,0.0,29.0
1965009.4,6838785.9,0.0,1.0
1974475.8,6829586.6,0.0,4.0
1975121.3,6828959.4,1.0,5.0
1975193.0,6828889.7,0.0,2.0
1975264.7,6828820.0,0.0,1.0
1975479.9,6828610.9,0.0,4.0
1976197.0,6827914.0,1.0,1.0
1976268.7,6827844.3,0.0,1.0
1961206.5,6842621.0,0.0,1.0
1964648.8,6839275.8,0.0,1.0
1971533.5,6832585.4,1.0,4.0
1971820.4,6832306.6,0.0,1.0
1975549.6,6828682.6,1.0,19.0
1975693.0,6828543.2,1.0,1.0
1982219.1,6822201.3,0.0,1.0
1960702.5,6843250.2,0.0,1.0
1974328.4,6830008.8,0.0,12.0
1975117.2,6829242.2,1.0,1.0
1975332.4,6829033.1,0.0,1.0
1975691.0,6828684.6,0.0,9.0
1975762.7,6828615.0,0.0,3.0
1976838.4,6827569.6,0.0,1.0
1980782.7,6823736.5,0.0,1.0
1980854.5,6823666.8,0.0,1.0
1971816.3,6832589.4,0.0,3.0
1972031.5,6832380.3,0.0,1.0
1972246.6,6832171.2,1.0,2.0
1974613.2,6829871.4,0.0,2.0
1975258.6,6829244.2,1.0,1.0
1975330.4,6829174.5,2.0,13.0
1975402.1,6829104.8,1.0,1.0
1961200.4,6843045.2,0.0,2.0
1972029.4,6832521.7,1.0,2.0
1975041.5,6829594.7,0.0,1.0
1975256.6,6829385.6,0.0,1.0
1975543.5,6829106.8,0.0,2.0
1975686.9,6828967.5,0.0,6.0
1975830.3,6828828.1,0.0,5.0
1975902.1,6828758.4,1.0,1.0
1975973.8,6828688.7,0.0,1.0
1962489.3,6841932.1,0.0,1.0
1962776.2,6841653.4,0.0,1.0
1971812.3,6832872.2,1.0,10.0
1972170.8,6832523.8,1.0,2.0
1975756.6,6829039.2,0.0,1.0
1962559.0,6842003.8,0.0,1.0
1962917.6,6841655.4,0.0,1.0
1962989.3,6841585.7,1.0,2.0
1971523.4,6833292.4,0.0,1.0
1971882.0,6832943.9,1.0,8.0
1971953.7,6832874.2,2.0,29.0
1975754.6,6829180.6,0.0,1.0
1975826.3,6829110.9,0.0,2.0
1976041.4,6828901.8,3.0,101.0
1962270.1,6842424.0,0.0,2.0
1963345.8,6841378.6,0.0,1.0
1972023.4,6832946.0,1.0,1.0
1972095.1,6832876.3,0.0,2.0
1974246.5,6830785.5,9.0,29.0
1975609.1,6829461.4,0.0,2.0
1966642.7,6838314.2,0.0,1.0
1966714.4,6838244.5,0.0,1.0
1968005.3,6836990.1,1.0,4.0
1972093.1,6833017.7,0.0,6.0
1972164.8,6832948.0,3.0,78.0
1975822.2,6829393.7,1.0,1.0
1975965.7,6829254.3,0.0,2.0
1976682.8,6828557.4,0.0,2.0
1962050.9,6842915.9,1.0,1.0
1962122.6,6842846.2,0.0,1.0
1975318.2,6830022.9,0.0,10.0
1976035.4,6829326.0,0.0,1.0
1976178.8,6829186.6,0.0,1.0
1983422.0,6822147.8,0.0,1.0
1962264.0,6842848.2,1.0,1.0
1962407.5,6842708.9,1.0,1.0
1965849.8,6839363.7,0.0,1.0
1974455.6,6831000.7,1.0,1.0
1975746.5,6829746.2,0.0,19.0
1976033.3,6829467.4,1.0,9.0
1976607.1,6828909.9,0.0,1.0
1983850.3,6821871.0,1.0,1.0
1961616.6,6843616.9,0.0,1.0
1967425.5,6837971.8,1.0,1.0
1976031.3,6829608.8,0.0,7.0
1968068.9,6837486.0,0.0,2.0
1968212.3,6837346.6,0.0,1.0
1968857.8,6836719.4,0.0,1.0
1976244.4,6829541.2,0.0,1.0
1962831.7,6842714.9,0.0,1.0
1968138.6,6837557.7,0.0,2.0
1972728.4,6833097.5,0.0,1.0
1974808.1,6831076.4,0.0,1.0
1976457.6,6829473.5,0.0,5.0
1978895.9,6827104.0,0.0,1.0
1962973.1,6842717.0,0.0,1.0
1968638.6,6837211.3,1.0,2.0
1976168.7,6829893.7,0.0,2.0
1976240.4,6829824.0,1.0,1.0
1981905.9,6824318.3,0.0,1.0
1966485.1,6839443.5,0.0,2.0
1967202.3,6838746.5,0.0,1.0
1981832.2,6824529.4,1.0,3.0
1963614.5,6842372.5,1.0,1.0
1963901.3,6842093.8,0.0,1.0
1966339.7,6839724.3,0.0,4.0
1967774.0,6838330.4,1.0,18.0
1977670.7,6828713.0,2.0,9.0
1982260.4,6824252.7,0.0,1.0
1968704.2,6837565.8,1.0,1.0
1982043.3,6824603.2,1.0,1.0
1969560.8,6837012.4,1.0,1.0
1971999.1,6834642.8,0.0,5.0
1982756.4,6824189.1,0.0,1.0
1964682.1,6841892.8,0.0,1.0
1969415.3,6837293.1,5.0,16.0
1970706.2,6836038.7,0.0,1.0
1972640.5,6834298.4,0.0,1.0
1974003.1,6832974.3,0.0,1.0
1972710.2,6834370.1,0.0,1.0
1974144.5,6832976.3,0.0,1.0
1965178.0,6841829.2,0.0,1.0
1965536.6,6841480.7,0.0,1.0
1971202.1,6835975.1,0.0,4.0
1973999.0,6833257.1,0.0,1.0
1980094.8,6827333.3,0.0,3.0
1965534.6,6841622.1,0.0,1.0
1974066.7,6833470.2,0.0,1.0
1977078.7,6830543.2,2.0,4.0
1984035.1,6823783.1,0.0,1.0
1967897.2,6839605.1,0.0,1.0
1971052.6,6836538.7,1.0,1.0
1971626.3,6835981.1,0.0,1.0
1973634.4,6834029.8,2.0,2.0
1966460.8,6841140.3,0.0,1.0
1974421.2,6833404.6,1.0,1.0
1978795.8,6829153.4,0.0,1.0
1971837.4,6836054.9,0.0,1.0
1974634.3,6833336.9,0.0,4.0
1967317.4,6840586.9,0.0,1.0
1976712.1,6831457.3,1.0,1.0
1974773.7,6833480.3,0.0,1.0
1973194.0,6835155.0,0.0,1.0
1976492.9,6831949.1,0.0,1.0
1982230.1,6826373.8,0.0,1.0
1973048.5,6835435.7,0.0,1.0
1974984.8,6833554.1,0.0,1.0
1972401.0,6836204.4,1.0,1.0
1972759.6,6835855.9,0.0,3.0
1973978.8,6834671.2,1.0,1.0
1974624.2,6834043.9,0.0,2.0
1966659.8,6842062.5,0.0,1.0
1972899.0,6835999.4,0.0,1.0
1982293.7,6826869.7,0.0,1.0
1982939.1,6826242.5,0.0,1.0
1973112.1,6835931.7,0.0,1.0
1973757.6,6835304.5,0.0,1.0
1979781.6,6829450.4,1.0,2.0
1978488.7,6830846.2,0.0,1.0
1982719.9,6826734.4,0.0,2.0
1983006.8,6826455.6,0.0,1.0
1976478.7,6832939.0,0.0,1.0
1983650.2,6825969.8,1.0,1.0
1978843.3,6830780.6,1.0,3.0
1983146.2,6826599.1,0.0,1.0
1973604.0,6836150.9,0.0,1.0
1981992.7,6828138.4,0.0,2.0
1973743.4,6836294.3,0.0,1.0
1976827.2,6833297.6,0.0,1.0
1978189.7,6831973.4,0.0,1.0
1980197.8,6830022.1,3.0,5.0
1972520.2,6837761.9,0.0,2.0
1980193.7,6830304.9,0.0,1.0
1974741.3,6835742.8,0.0,1.0
1980404.8,6830378.6,0.0,3.0
1980476.5,6830308.9,4.0,62.0
1980548.2,6830239.2,0.0,2.0
1978466.5,6832401.7,0.0,1.0
1979109.9,6831915.9,0.0,1.0
1980687.6,6830382.7,6.0,13.0
1970430.3,6840490.0,0.0,1.0
1980685.6,6830524.1,0.0,1.0
1975376.7,6835822.7,1.0,2.0
1983050.2,6828365.6,0.0,1.0
1971143.4,6840075.9,1.0,9.0
1981183.6,6830319.0,1.0,1.0
1985629.9,6825998.2,0.0,1.0
1981038.1,6830599.8,0.0,1.0
1981825.0,6829974.6,2.0,22.0
1981822.9,6830116.0,1.0,1.0
1981820.9,6830257.4,0.0,1.0
1981892.6,6830187.7,1.0,1.0
1982466.3,6829630.2,0.0,4.0
1982105.7,6830120.1,1.0,6.0
1980812.9,6831515.9,1.0,2.0
1982318.9,6830052.4,2.0,2.0
1982890.6,6829636.3,0.0,2.0
1982095.6,6830827.1,0.0,1.0
1981663.3,6831386.7,0.0,1.0
1984173.3,6828947.5,0.0,2.0
1982733.0,6830765.5,7.0,17.0
1984956.1,6828605.1,0.0,1.0
1981653.2,6832093.7,0.0,1.0
1975051.4,6838788.2,0.0,1.0
1983728.9,6830355.5,0.0,1.0
1983296.6,6830915.0,0.0,1.0
1984587.5,6829660.6,0.0,1.0
1982143.1,6832454.3,0.0,1.0
1990671.1,6824585.2,0.0,1.0
1966142.5,6848561.2,0.0,3.0
1991099.4,6824308.5,0.0,2.0
1990882.2,6824659.0,0.0,2.0
1990953.9,6824589.3,1.0,4.0
1990234.7,6825427.6,0.0,1.0
1990808.5,6824870.1,1.0,6.0
1990951.9,6824730.7,3.0,6.0
1991023.6,6824661.0,1.0,1.0
1987077.2,6828635.4,0.0,1.0
1990304.4,6825499.3,0.0,1.0
1990376.1,6825429.6,0.0,1.0
1990447.9,6825359.9,0.0,1.0
1990734.7,6825081.2,1.0,1.0
1990806.4,6825011.5,0.0,1.0
1990949.9,6824872.1,2.0,5.0
1991093.3,6824732.7,0.0,1.0
1984348.0,6831566.5,0.0,1.0
1990515.5,6825573.0,0.0,1.0
1990587.2,6825503.3,0.0,1.0
1990659.0,6825433.7,0.0,1.0
1990730.7,6825364.0,0.0,1.0
1990945.8,6825154.9,0.0,1.0
1991089.3,6825015.5,1.0,2.0
1990226.6,6825993.2,1.0,1.0
1991015.5,6825226.6,1.0,2.0
1991372.1,6825019.6,0.0,1.0
1969998.9,6845929.1,0.0,3.0
1969923.1,6846281.6,0.0,1.0
1991007.4,6825792.2,3.0,12.0
1970279.7,6846074.5,0.0,4.0
1969632.2,6846843.2,0.0,1.0
1981750.1,6835206.7,0.0,1.0
1970341.3,6846711.9,0.0,1.0
1982389.5,6835003.7,0.0,2.0
1967972.7,6849153.1,0.0,1.0
1983893.4,6833681.6,0.0,1.0
1993573.0,6824414.6,0.0,1.0
1984104.5,6833755.3,0.0,1.0
1970689.8,6847070.5,0.0,1.0
1971620.0,6846305.9,0.0,1.0
1983166.2,6835085.5,0.0,2.0
1973910.9,6844358.5,0.0,2.0
1974484.6,6843801.0,1.0,2.0
1983449.0,6835089.6,0.0,10.0
1983664.1,6834880.5,1.0,1.0
1985170.2,6833417.0,0.0,1.0
1974048.2,6844643.4,0.0,2.0
1969743.3,6848966.3,0.0,2.0
1970317.0,6848408.8,0.0,1.0
1974187.6,6844786.8,0.0,1.0
1995773.9,6823809.6,0.0,1.0
1985444.9,6833986.6,0.0,1.0
1991036.6,6828692.1,0.0,1.0
1990962.9,6828903.2,1.0,2.0
1992110.3,6827788.1,0.0,2.0
1976187.5,6843401.1,1.0,1.0
1992395.2,6827650.8,0.0,1.0
1974460.3,6845497.9,0.0,4.0
1974314.9,6845778.7,0.0,2.0
1989803.3,6830866.7,1.0,2.0
1992456.8,6828288.1,0.0,1.0
1990303.3,6830520.3,0.0,1.0
1990084.1,6831012.1,2.0,2.0
1990155.8,6830942.5,1.0,3.0
1989649.8,6831713.1,0.0,3.0
1989719.5,6831784.8,0.0,2.0
1983191.4,6838268.2,0.0,1.0
1990004.3,6831647.5,0.0,1.0
1991080.0,6830602.1,1.0,11.0
1991078.0,6830743.5,10.0,42.0
1990717.4,6831233.4,0.0,4.0
1991004.3,6830954.6,0.0,1.0
1991147.7,6830815.2,1.0,1.0
1991291.1,6830675.8,0.0,1.0
1991362.8,6830606.1,1.0,1.0
1991002.2,6831096.0,0.0,4.0
1991145.7,6830956.6,1.0,6.0
1991289.1,6830817.2,1.0,3.0
1978521.8,6843363.8,1.0,4.0
1991215.4,6831028.3,1.0,10.0
1991573.9,6830679.9,0.0,2.0
1976870.3,6845108.1,0.0,1.0
1991213.3,6831169.7,0.0,1.0
1991285.1,6831100.1,3.0,32.0
1991500.2,6830891.0,1.0,2.0
1991643.6,6830751.6,1.0,1.0
1991426.5,6831102.1,0.0,30.0
1991420.4,6831526.3,1.0,2.0
1986966.0,6836412.8,0.0,4.0
1987035.6,6836484.5,1.0,7.0
1989973.9,6833768.6,0.0,1.0
1991264.8,6832514.1,1.0,2.0
1991910.3,6831886.9,0.0,1.0
1992197.1,6831608.1,0.0,1.0
1974553.2,6848893.7,1.0,1.0
1991119.4,6832794.9,0.0,1.0
1973547.1,6850010.8,1.0,2.0
1973690.5,6849871.4,0.0,1.0
1992121.4,6831960.6,1.0,1.0
1992549.6,6831683.9,0.0,3.0
1990754.7,6833567.6,0.0,1.0
1991326.4,6833151.5,0.0,1.0
1981995.3,6842777.0,0.0,1.0
1986009.4,6839015.7,0.0,1.0
1986296.2,6838736.9,1.0,1.0
1993967.7,6831421.3,0.0,1.0
1990882.0,6834559.5,0.0,1.0
1994180.9,6831353.6,0.0,1.0
1979190.4,6846060.6,0.0,1.0
1994535.4,6831288.0,2.0,5.0
1984993.2,6840839.8,1.0,3.0
1985064.9,6840770.1,1.0,1.0
1994746.5,6831361.7,0.0,4.0
1996611.1,6829549.8,0.0,1.0
1984130.6,6841817.5,0.0,1.0
1984560.9,6841399.4,0.0,1.0
1984704.3,6841260.0,1.0,3.0
1984776.0,6841190.3,0.0,6.0
1984919.5,6841050.9,0.0,6.0
1984991.2,6840981.2,0.0,1.0
1985062.9,6840911.5,1.0,2.0
1996465.6,6829830.5,0.0,2.0
1996967.6,6829342.7,0.0,1.0
1997039.4,6829273.0,0.0,1.0
1984415.4,6841680.2,1.0,1.0
1984630.6,6841471.1,1.0,18.0
1984845.7,6841262.0,2.0,17.0
1985132.6,6840983.2,0.0,7.0
1985276.0,6840843.9,0.0,4.0
1984843.7,6841403.4,1.0,12.0
1985058.9,6841194.3,3.0,77.0
1985417.4,6840845.9,0.0,3.0
1998469.6,6828162.0,0.0,1.0
1984770.0,6841614.5,0.0,12.0
1984841.7,6841544.8,0.0,2.0
1985343.7,6841057.0,0.0,1.0
1985630.6,6840778.2,0.0,5.0
1994451.5,6832206.1,0.0,1.0
1996818.1,6829906.3,2.0,6.0
1984983.1,6841546.8,2.0,3.0
1985556.8,6840989.3,0.0,43.0
1985772.0,6840780.2,0.0,5.0
1997246.4,6829629.6,0.0,1.0
1985267.9,6841409.5,0.0,1.0
1985411.4,6841270.1,0.0,2.0
1985769.9,6840921.6,0.0,18.0
1986056.8,6840642.9,0.0,2.0
1986200.2,6840503.5,0.0,4.0
1986272.0,6840433.8,0.0,3.0
1999324.1,6827749.9,0.0,1.0
1985265.9,6841550.9,1.0,1.0
1985337.6,6841481.2,0.0,1.0
1985409.3,6841411.5,1.0,7.0
1985767.9,6841063.0,1.0,7.0
1985983.1,6840854.0,0.0,10.0
1986054.8,6840784.3,0.0,1.0
1986198.2,6840644.9,0.0,1.0
1986843.6,6840017.7,0.0,1.0
1993871.7,6833187.9,1.0,1.0
1985263.9,6841692.3,3.0,29.0
1985550.8,6841413.5,1.0,5.0
1985694.2,6841274.1,0.0,2.0
1985837.6,6841134.8,0.0,19.0
1986124.5,6840856.0,0.0,1.0
1986196.2,6840786.3,0.0,1.0
1997168.6,6830123.5,0.0,1.0
1983899.3,6843157.8,0.0,18.0
1985333.6,6841764.0,0.0,1.0
1985405.3,6841694.3,1.0,5.0
1985835.6,6841276.2,1.0,6.0
1985907.3,6841206.5,0.0,7.0
1985979.0,6841136.8,2.0,3.0
1986050.7,6841067.1,0.0,2.0
1986122.5,6840997.4,0.0,5.0
1986409.3,6840718.6,0.0,1.0
1997740.3,6829707.3,1.0,1.0
1985690.1,6841557.0,0.0,1.0
1985977.0,6841278.2,0.0,1.0
1998025.2,6829570.0,0.0,1.0
1985688.1,6841698.4,1.0,1.0
1986333.5,6841071.1,0.0,2.0
1986403.2,6841142.9,1.0,7.0
1986475.0,6841073.2,1.0,3.0
1986186.1,6841493.3,1.0,1.0
1986257.8,6841423.6,0.0,3.0
1997588.8,6830412.4,1.0,1.0
1994499.0,6833833.3,0.0,3.0
1999662.5,6828815.5,0.0,1.0
