x,y,LowEdu_sum,Working_sum,Population
1955555.7,6827335.7,0.0,2.0,4.0
1956342.5,6826710.5,0.0,2.0,4.0
1956193.0,6827274.1,1.0,1.0,1.0
1956981.9,6826507.5,0.0,2.0,4.0
1956477.8,6827136.8,0.0,2.0,4.0
1957408.1,6826372.2,0.0,2.0,2.0
1959129.3,6824699.6,0.0,2.0,3.0
1957406.1,6826513.6,0.0,1.0,1.0
1958625.2,6825328.8,1.0,0.0,2.0
1956543.5,6827491.3,0.0,2.0,4.0
1957117.2,6826933.8,0.0,1.0,1.0
1959196.9,6824912.7,0.0,2.0,4.0
1957043.5,6827144.9,0.0,2.0,2.0
1956898.0,6827425.7,1.0,2.0,5.0
1957328.3,6827007.5,1.0,2.0,3.0
1958690.9,6825683.4,1.0,1.0,2.0
1958977.7,6825404.6,2.0,1.0,3.0
1959192.9,6825195.5,0.0,1.0,2.0
1959262.6,6825267.2,0.0,0.0,1.0
1957252.5,6827360.0,0.0,2.0,2.0
1958973.7,6825687.4,0.0,1.0,1.0
1956748.5,6827989.3,1.0,4.0,6.0
1959043.4,6825759.1,1.0,2.0,2.0
1962342.3,6822553.3,0.0,1.0,1.0
1955883.9,6829108.4,1.0,0.0,2.0
1956170.7,6828829.6,0.0,2.0,2.0
1956242.5,6828759.9,0.0,1.0,2.0
1956314.2,6828690.2,1.0,1.0,2.0
1956672.7,6828341.8,0.0,0.0,1.0
1957748.5,6827296.4,1.0,1.0,1.0
1959254.5,6825832.9,0.0,2.0,2.0
1959326.2,6825763.2,0.0,2.0,2.0
1957889.9,6827298.4,0.0,2.0,2.0
1959252.5,6825974.3,1.0,1.0,3.0
1959324.2,6825904.6,1.0,3.0,3.0
1959395.9,6825834.9,0.0,4.0,4.0
1956166.7,6829112.4,1.0,0.0,2.0
1956668.7,6828624.6,0.0,1.0,1.0
1956740.4,6828554.9,3.0,2.0,9.0
1956812.1,6828485.2,0.0,1.0,4.0
1958103.0,6827230.8,0.0,2.0,2.0
1958318.1,6827021.7,0.0,1.0,1.0
1959465.6,6825906.6,3.0,1.0,5.0
1956451.5,6828975.1,2.0,2.0,5.0
1957025.3,6828417.5,3.0,7.0,14.0
1958101.0,6827372.2,0.0,1.0,2.0
1958387.8,6827093.4,2.0,1.0,3.0
1958674.7,6826814.6,1.0,2.0,2.0
1959391.9,6826117.7,1.0,2.0,4.0
1963551.3,6822075.6,1.0,0.0,1.0
1956234.4,6829325.5,1.0,1.0,2.0
1956306.1,6829255.9,1.0,1.0,1.0
1956377.8,6829186.2,2.0,2.0,3.0
1956449.5,6829116.5,0.0,0.0,2.0
1957023.2,6828558.9,1.0,0.0,2.0
1957166.7,6828419.6,4.0,5.0,6.0
1958385.8,6827234.8,0.0,0.0,1.0
1958959.5,6826677.3,2.0,1.0,3.0
1963621.0,6822147.3,0.0,1.0,1.0
1963836.2,6821938.2,0.0,2.0,2.0
1956160.6,6829536.6,1.0,1.0,1.0
1956447.5,6829257.9,0.0,1.0,2.0
1956519.2,6829188.2,0.0,1.0,2.0
1958025.2,6827724.7,0.0,0.0,2.0
1958096.9,6827655.0,1.0,2.0,2.0
1958168.6,6827585.3,0.0,0.0,1.0
1959172.7,6826609.6,0.0,1.0,2.0
1956445.5,6829399.3,1.0,0.0,1.0
1957377.8,6828493.3,1.0,2.0,3.0
1957449.5,6828423.6,2.0,0.0,2.0
1958812.1,6827099.5,0.0,1.0,1.0
1958955.5,6826960.1,1.0,1.0,2.0
1959027.2,6826890.4,2.0,5.0,5.0
1963975.6,6822081.7,0.0,2.0,4.0
1956658.6,6829331.6,0.0,2.0,4.0
1958881.8,6827171.2,0.0,2.0,2.0
1959527.2,6826544.0,0.0,2.0,3.0
1964045.2,6822153.4,0.0,2.0,4.0
1956584.8,6829542.7,0.0,2.0,2.0
1957445.4,6828706.4,1.0,2.0,2.0
1957517.1,6828636.7,0.0,0.0,1.0
1957588.9,6828567.0,1.0,2.0,2.0
1958306.0,6827870.1,0.0,2.0,3.0
1962895.8,6823409.9,1.0,1.0,1.0
1963541.2,6822782.6,0.0,0.0,2.0
1964114.9,6822225.1,2.0,1.0,3.0
1956726.2,6829544.7,0.0,3.0,3.0
1957228.3,6829056.9,0.0,0.0,1.0
1957371.7,6828917.5,0.0,2.0,3.0
1958017.1,6828290.3,2.0,0.0,2.0
1958304.0,6828011.5,2.0,1.0,3.0
1959594.9,6826757.1,0.0,2.0,2.0
1956580.8,6829825.5,1.0,1.0,3.0
1963608.9,6822995.7,0.0,2.0,4.0
1956650.5,6829897.2,0.0,3.0,4.0
1956865.6,6829688.2,1.0,2.0,4.0
1963678.6,6823067.5,1.0,0.0,2.0
1965256.3,6821534.2,1.0,2.0,2.0
1965399.7,6821394.9,0.0,2.0,2.0
1965471.5,6821325.2,0.0,2.0,2.0
1956720.2,6829969.0,0.0,1.0,1.0
1956935.3,6829759.9,0.0,2.0,2.0
1957222.2,6829481.1,0.0,0.0,1.0
1959588.8,6827181.3,1.0,1.0,1.0
1959732.2,6827041.9,0.0,1.0,5.0
1962242.2,6824602.7,0.0,2.0,2.0
1965469.4,6821466.6,1.0,0.0,2.0
1956789.9,6830040.7,0.0,2.0,5.0
1957865.6,6828995.3,1.0,1.0,1.0
1961738.2,6825232.0,0.0,1.0,1.0
1961881.6,6825092.6,1.0,2.0,5.0
1960588.8,6826488.4,0.0,4.0,4.0
1957287.8,6829835.7,0.0,2.0,3.0
1961877.6,6825375.4,0.0,2.0,2.0
1956927.2,6830325.5,0.0,1.0,1.0
1960513.0,6826840.9,0.0,1.0,2.0
1961517.0,6825865.2,0.0,2.0,4.0
1960295.8,6827191.4,1.0,3.0,3.0
1963379.6,6824194.7,0.0,0.0,1.0
1961441.2,6826217.8,0.0,2.0,4.0
1963162.4,6824545.2,1.0,2.0,4.0
1963234.1,6824475.5,0.0,0.0,2.0
1963305.8,6824405.8,0.0,0.0,2.0
1957208.0,6830471.0,0.0,2.0,4.0
1959502.9,6828240.8,0.0,1.0,2.0
1963447.2,6824407.8,0.0,2.0,4.0
1963590.7,6824268.4,0.0,2.0,2.0
1957349.4,6830473.0,0.0,1.0,2.0
1957636.3,6830194.2,1.0,0.0,2.0
1960504.9,6827406.6,0.0,1.0,1.0
1961508.9,6826430.9,0.0,3.0,8.0
1961652.3,6826291.5,5.0,0.0,9.0
1957490.8,6830475.0,0.0,1.0,4.0
1964088.6,6824063.4,1.0,2.0,4.0
1964303.8,6823854.3,1.0,6.0,7.0
1959855.4,6828316.6,0.0,0.0,1.0
1960140.2,6828179.2,0.0,0.0,3.0
1960570.5,6827761.1,1.0,1.0,1.0
1958273.6,6830132.6,0.0,3.0,3.0
1963222.0,6825323.9,0.0,2.0,6.0
1957841.3,6830692.2,0.0,1.0,1.0
1963148.2,6825535.0,0.0,3.0,3.0
1965012.8,6823723.0,1.0,2.0,3.0
1965299.7,6823444.3,2.0,11.0,14.0
1957909.0,6830905.3,1.0,1.0,1.0
1959552.4,6829726.6,1.0,2.0,2.0
1959624.1,6829656.9,1.0,5.0,9.0
1959550.3,6829868.0,0.0,1.0,1.0
1959693.8,6829728.6,1.0,0.0,1.0
1959908.9,6829519.6,0.0,2.0,2.0
1959691.7,6829870.1,1.0,0.0,2.0
1962345.2,6827291.5,0.0,0.0,2.0
1959618.0,6830081.1,1.0,2.0,4.0
1959689.7,6830011.5,0.0,1.0,1.0
1960333.1,6829525.6,1.0,1.0,1.0
1960548.3,6829316.6,1.0,1.0,1.0
1963201.7,6826738.0,1.0,0.0,1.0
1960187.7,6829806.4,0.0,2.0,2.0
1960402.8,6829597.4,1.0,0.0,1.0
1960689.7,6829318.6,0.0,2.0,4.0
1962984.6,6827088.5,0.0,1.0,1.0
1964920.9,6825206.8,2.0,2.0,2.0
1959898.8,6830226.6,0.0,1.0,1.0
1959970.5,6830156.9,1.0,0.0,2.0
1960042.2,6830087.2,1.0,2.0,2.0
1963843.1,6826393.6,0.0,2.0,3.0
1964201.7,6826045.1,0.0,0.0,1.0
1960972.5,6829322.6,1.0,2.0,2.0
1964414.8,6825977.4,0.0,1.0,1.0
1964486.5,6825907.7,0.0,2.0,4.0
1959823.0,6830579.1,0.0,2.0,2.0
1959894.8,6830509.4,1.0,2.0,8.0
1960253.3,6830161.0,0.0,2.0,3.0
1960468.5,6829951.9,0.0,1.0,2.0
1963121.9,6827373.3,4.0,3.0,8.0
1960179.6,6830372.1,1.0,0.0,1.0
1963191.6,6827445.0,0.0,2.0,5.0
1961325.0,6829398.4,0.0,1.0,1.0
1961396.7,6829328.7,0.0,1.0,3.0
1963333.0,6827447.0,1.0,1.0,2.0
1963619.9,6827168.3,1.0,0.0,1.0
1961538.1,6829330.7,0.0,1.0,2.0
1963329.0,6827729.8,0.0,2.0,2.0
1963615.8,6827451.1,0.0,1.0,1.0
1961677.5,6829474.2,0.0,0.0,1.0
1963183.5,6828010.6,1.0,2.0,3.0
1963470.4,6827731.9,0.0,2.0,2.0
1963542.1,6827662.2,0.0,2.0,2.0
1963613.8,6827592.5,5.0,9.0,28.0
1963685.5,6827522.8,3.0,1.0,4.0
1963757.3,6827453.1,1.0,6.0,15.0
1963900.7,6827313.7,0.0,2.0,2.0
1960169.5,6831079.1,0.0,2.0,2.0
1963683.5,6827664.2,2.0,4.0,6.0
1963755.2,6827594.5,7.0,5.0,16.0
1963826.9,6827524.8,2.0,11.0,15.0
1963898.7,6827455.1,1.0,2.0,7.0
1963970.4,6827385.4,0.0,1.0,1.0
1964042.1,6827315.7,1.0,5.0,5.0
1964113.8,6827246.0,0.0,2.0,5.0
1961816.9,6829617.6,0.0,2.0,2.0
1963824.9,6827666.2,3.0,8.0,12.0
1963896.6,6827596.5,3.0,12.0,21.0
1963968.4,6827526.8,1.0,6.0,11.0
1964183.5,6827317.8,0.0,4.0,6.0
1964255.2,6827248.1,2.0,4.0,12.0
1964398.6,6827108.7,1.0,3.0,4.0
1964542.1,6826969.3,0.0,0.0,2.0
1964685.5,6826829.9,0.0,2.0,2.0
1964757.2,6826760.2,1.0,0.0,2.0
1965259.2,6826272.4,1.0,3.0,5.0
1961814.9,6829759.0,0.0,1.0,1.0
1961886.6,6829689.3,1.0,1.0,2.0
1963894.6,6827737.9,0.0,2.0,2.0
1963966.3,6827668.2,5.0,7.0,20.0
1964396.6,6827250.1,1.0,2.0,2.0
1964468.3,6827180.4,0.0,2.0,3.0
1964540.1,6827110.7,0.0,2.0,2.0
1964611.8,6827041.0,0.0,1.0,3.0
1964683.5,6826971.3,0.0,1.0,1.0
1964755.2,6826901.6,2.0,4.0,7.0
1964898.6,6826762.3,3.0,4.0,9.0
1964970.3,6826692.6,1.0,2.0,2.0
1965328.9,6826344.1,1.0,2.0,4.0
1961884.6,6829830.7,3.0,4.0,6.0
1963820.9,6827949.0,1.0,2.0,3.0
1963892.6,6827879.3,9.0,12.0,20.0
1963964.3,6827809.7,4.0,0.0,5.0
1964036.0,6827740.0,0.0,2.0,3.0
1964107.7,6827670.3,2.0,2.0,7.0
1964538.0,6827252.1,0.0,2.0,2.0
1964896.6,6826903.7,0.0,3.0,5.0
1965111.7,6826694.6,0.0,4.0,7.0
1965183.5,6826624.9,6.0,4.0,7.0
1965255.2,6826555.2,0.0,2.0,3.0
1965326.9,6826485.5,0.0,0.0,4.0
1965398.6,6826415.8,1.0,1.0,2.0
1965470.3,6826346.1,1.0,0.0,2.0
1961595.7,6830250.9,0.0,2.0,2.0
1961667.4,6830181.2,0.0,2.0,4.0
1961954.3,6829902.4,0.0,2.0,2.0
1963962.3,6827951.1,2.0,5.0,9.0
1964034.0,6827881.4,4.0,6.0,13.0
1964105.7,6827811.7,0.0,2.0,2.0
1964177.4,6827742.0,2.0,6.0,10.0
1965109.7,6826836.0,2.0,1.0,4.0
1965253.2,6826696.6,1.0,0.0,2.0
1965324.9,6826626.9,1.0,0.0,1.0
1961808.8,6830183.2,1.0,0.0,1.0
1961880.5,6830113.5,0.0,1.0,2.0
1962095.7,6829904.5,1.0,4.0,6.0
1962382.5,6829625.7,0.0,0.0,2.0
1962454.2,6829556.0,0.0,2.0,4.0
1962812.8,6829207.5,0.0,0.0,1.0
1964103.7,6827953.1,6.0,7.0,16.0
1964175.4,6827883.4,3.0,9.0,22.0
1964247.1,6827813.7,2.0,5.0,8.0
1964318.8,6827744.0,3.0,2.0,6.0
1964964.3,6827116.8,0.0,2.0,3.0
1964173.4,6828024.8,1.0,1.0,1.0
1964245.1,6827955.1,2.0,5.0,9.0
1964316.8,6827885.4,1.0,0.0,4.0
1964460.2,6827746.0,2.0,27.0,59.0
1965679.4,6826561.3,0.0,2.0,3.0
1962235.0,6830047.9,2.0,2.0,4.0
1962378.5,6829908.5,0.0,2.0,2.0
1962521.9,6829769.1,0.0,1.0,1.0
1964314.8,6828026.8,2.0,0.0,4.0
1964386.5,6827957.1,3.0,5.0,17.0
1964458.2,6827887.4,1.0,2.0,5.0
1964529.9,6827817.7,6.0,19.0,36.0
1964601.6,6827748.1,7.0,4.0,15.0
1965103.7,6827260.2,0.0,1.0,3.0
1965175.4,6827190.5,0.0,2.0,5.0
1966394.5,6826005.8,2.0,3.0,8.0
1962089.6,6830328.7,0.0,2.0,3.0
1962161.3,6830259.0,0.0,2.0,3.0
1962519.9,6829910.5,0.0,2.0,4.0
1964456.2,6828028.8,3.0,11.0,22.0
1964527.9,6827959.2,3.0,3.0,9.0
1962876.4,6829703.5,0.0,2.0,3.0
1964669.3,6827961.2,1.0,1.0,5.0
1978008.3,6814998.5,0.0,1.0,1.0
1963017.8,6829705.5,2.0,2.0,3.0
1964739.0,6828032.9,0.0,3.0,4.0
1964882.4,6827893.5,0.0,2.0,4.0
1977862.9,6815279.3,0.0,3.0,3.0
1962155.2,6830683.2,1.0,3.0,4.0
1962227.0,6830613.5,0.0,2.0,5.0
1962298.7,6830543.8,1.0,2.0,2.0
1962370.4,6830474.1,0.0,0.0,2.0
1962442.1,6830404.4,0.0,0.0,3.0
1966816.7,6826153.2,0.0,0.0,2.0
1966888.4,6826083.6,0.0,0.0,5.0
1980299.2,6813051.2,1.0,0.0,1.0
1961149.2,6831800.3,1.0,6.0,7.0
1962296.6,6830685.2,0.0,1.0,1.0
1962440.1,6830545.8,0.0,1.0,2.0
1962511.8,6830476.1,1.0,3.0,4.0
1962583.5,6830406.5,0.0,4.0,8.0
1963085.5,6829918.6,0.0,0.0,3.0
1966814.7,6826294.6,0.0,2.0,2.0
1966886.4,6826225.0,0.0,2.0,3.0
1966958.1,6826155.3,1.0,1.0,3.0
1962007.8,6831105.4,0.0,3.0,3.0
1962151.2,6830966.0,0.0,2.0,2.0
1965091.5,6828108.7,0.0,0.0,1.0
1965163.2,6828039.0,0.0,3.0,3.0
1966597.5,6826645.1,1.0,0.0,1.0
1961073.4,6832152.8,0.0,1.0,4.0
1961216.9,6832013.4,0.0,2.0,2.0
1961575.4,6831665.0,0.0,1.0,1.0
1961718.9,6831525.6,0.0,2.0,4.0
1962149.2,6831107.4,0.0,2.0,2.0
1962364.3,6830898.3,2.0,0.0,2.0
1962436.0,6830828.7,1.0,1.0,3.0
1963224.9,6830062.0,0.0,0.0,2.0
1964874.3,6828459.1,2.0,2.0,4.0
1964946.1,6828389.4,1.0,3.0,3.0
1973049.9,6820514.3,0.0,0.0,1.0
1962792.6,6830621.6,0.0,1.0,1.0
1963581.4,6829855.0,0.0,1.0,1.0
1967525.8,6826022.0,0.0,1.0,2.0
1961714.8,6831808.4,0.0,2.0,2.0
1965157.2,6828463.2,2.0,2.0,5.0
1978567.9,6815430.8,0.0,0.0,2.0
1959919.9,6833692.1,0.0,1.0,1.0
1962716.8,6830974.1,0.0,1.0,4.0
1962932.0,6830765.0,0.0,3.0,3.0
1965296.5,6828606.6,0.0,1.0,1.0
1965511.7,6828397.5,1.0,1.0,2.0
1963214.8,6830769.1,1.0,1.0,2.0
1963358.2,6830629.7,0.0,2.0,2.0
1963788.5,6830211.5,0.0,2.0,4.0
1965437.9,6828608.6,0.0,2.0,3.0
1965509.7,6828538.9,0.0,2.0,2.0
1978633.5,6815785.4,0.0,1.0,1.0
1961419.9,6832652.8,1.0,2.0,4.0
1962137.0,6831955.9,0.0,0.0,1.0
1963141.0,6830980.2,1.0,2.0,2.0
1963284.5,6830840.8,1.0,2.0,2.0
1963714.8,6830422.6,0.0,2.0,4.0
1972750.9,6821641.5,0.0,2.0,2.0
1961848.1,6832376.0,2.0,3.0,3.0
1961919.9,6832306.3,1.0,0.0,1.0
1962350.1,6831888.2,0.0,2.0,4.0
1962421.9,6831818.5,0.0,2.0,2.0
1962493.6,6831748.8,1.0,0.0,2.0
1966796.5,6827567.3,1.0,2.0,3.0
1978916.4,6815789.4,1.0,1.0,2.0
1962993.6,6831402.4,1.0,0.0,1.0
1963065.3,6831332.7,2.0,0.0,2.0
1963137.0,6831263.0,0.0,2.0,2.0
1965862.2,6828614.7,1.0,1.0,2.0
1967009.6,6827499.6,1.0,1.0,2.0
1979559.8,6815303.6,0.0,0.0,4.0
1979703.2,6815164.2,1.0,0.0,2.0
1979990.1,6814885.5,0.0,1.0,2.0
1960409.8,6834052.7,2.0,2.0,4.0
1960553.2,6833913.3,0.0,0.0,1.0
1962202.7,6832310.4,0.0,2.0,4.0
1964927.8,6829662.1,0.0,2.0,2.0
1966218.7,6828407.7,0.0,2.0,2.0
1966935.9,6827710.7,2.0,1.0,2.0
1972673.1,6822135.4,0.0,1.0,2.0
1979486.0,6815514.7,0.0,1.0,2.0
1979629.5,6815375.3,1.0,3.0,4.0
1979701.2,6815305.6,1.0,0.0,1.0
1979772.9,6815235.9,0.0,0.0,2.0
1960766.3,6833845.6,0.0,1.0,1.0
1965427.8,6829315.7,2.0,3.0,4.0
1966073.3,6828688.4,1.0,1.0,5.0
1966216.7,6828549.1,0.0,1.0,2.0
1966360.1,6828409.7,1.0,2.0,4.0
1966431.8,6828340.0,0.0,0.0,2.0
1966503.6,6828270.3,1.0,2.0,3.0
1968296.4,6826528.0,1.0,0.0,1.0
1968726.7,6826109.9,0.0,2.0,2.0
1972742.8,6822207.1,0.0,2.0,2.0
1972886.2,6822067.7,0.0,2.0,2.0
1973029.6,6821928.4,0.0,1.0,2.0
1973531.6,6821440.5,1.0,0.0,1.0
1979340.6,6815795.5,0.0,0.0,2.0
1979412.3,6815725.8,0.0,1.0,1.0
1980201.2,6814959.2,0.0,2.0,2.0
1962485.5,6832314.4,0.0,1.0,1.0
1962700.6,6832105.4,1.0,0.0,2.0
1963059.2,6831756.9,0.0,1.0,2.0
1966286.4,6828620.8,1.0,2.0,3.0
1968079.3,6826878.5,0.0,0.0,1.0
1968868.1,6826111.9,0.0,2.0,2.0
1973601.3,6821512.2,0.0,3.0,3.0
1979410.3,6815867.2,0.0,2.0,2.0
1979912.3,6815379.4,2.0,0.0,2.0
1980199.1,6815100.6,0.0,2.0,2.0
1980342.6,6814961.2,0.0,0.0,2.0
1963344.0,6831619.5,1.0,1.0,5.0
1963630.9,6831340.8,0.0,1.0,1.0
1965352.1,6829668.2,0.0,2.0,2.0
1965567.2,6829459.1,0.0,1.0,1.0
1965638.9,6829389.4,1.0,0.0,4.0
1965710.6,6829319.7,1.0,2.0,2.0
1965782.4,6829250.0,2.0,4.0,5.0
1966356.1,6828692.5,2.0,0.0,2.0
1966858.1,6828204.7,0.0,1.0,2.0
1968077.2,6827019.9,0.0,0.0,1.0
1968292.4,6826810.8,0.0,1.0,2.0
1968722.7,6826392.7,0.0,2.0,2.0
1968794.4,6826323.0,2.0,4.0,7.0
1968866.1,6826253.3,0.0,1.0,2.0
1969153.0,6825974.5,2.0,0.0,2.0
1972810.5,6822420.2,0.0,2.0,2.0
1979551.7,6815869.2,0.0,1.0,3.0
1979623.4,6815799.5,0.0,2.0,2.0
1979766.8,6815660.2,1.0,0.0,1.0
1979838.5,6815590.5,0.0,0.0,1.0
1979982.0,6815451.1,1.0,2.0,2.0
1980053.7,6815381.4,1.0,0.0,2.0
1963342.0,6831761.0,1.0,2.0,5.0
1965421.8,6829739.9,0.0,2.0,2.0
1965565.2,6829600.5,0.0,1.0,1.0
1966425.8,6828764.2,0.0,0.0,2.0
1966497.5,6828694.5,1.0,3.0,5.0
1966569.2,6828624.8,0.0,2.0,3.0
1967071.2,6828137.0,0.0,2.0,2.0
1967214.6,6827997.6,1.0,0.0,1.0
1967358.1,6827858.2,2.0,1.0,2.0
1967644.9,6827579.5,1.0,2.0,5.0
1968792.4,6826464.4,0.0,2.0,4.0
1968935.8,6826325.0,0.0,0.0,2.0
1978832.5,6816707.6,0.0,2.0,2.0
1979549.7,6816010.6,2.0,0.0,2.0
1980051.7,6815522.8,1.0,0.0,2.0
1966567.2,6828766.2,0.0,2.0,3.0
1966925.8,6828417.8,0.0,1.0,1.0
1967858.1,6827511.8,1.0,0.0,2.0
1967929.8,6827442.1,1.0,1.0,2.0
1968001.5,6827372.4,0.0,1.0,1.0
1968073.2,6827302.7,0.0,2.0,2.0
1969148.9,6826257.3,1.0,0.0,2.0
1974671.0,6820891.1,0.0,2.0,2.0
1979691.1,6816012.7,0.0,0.0,1.0
1980336.5,6815385.4,0.0,0.0,1.0
1965346.0,6830092.4,0.0,0.0,2.0
1965489.4,6829953.0,2.0,5.0,6.0
1966493.4,6828977.3,2.0,1.0,2.0
1966565.2,6828907.6,1.0,1.0,2.0
1966923.7,6828559.2,0.0,1.0,1.0
1966995.4,6828489.5,1.0,0.0,2.0
1968573.2,6826956.3,0.0,1.0,1.0
1969075.2,6826468.4,0.0,2.0,2.0
1979760.8,6816084.4,1.0,0.0,1.0
1979832.5,6816014.7,0.0,0.0,2.0
1979904.2,6815945.0,1.0,0.0,2.0
1980477.9,6815387.5,0.0,1.0,2.0
1966634.8,6828979.4,4.0,3.0,11.0
1967997.4,6827655.2,0.0,2.0,4.0
1969144.9,6826540.1,1.0,1.0,1.0
1979902.2,6816086.4,0.0,3.0,3.0
1980547.6,6815459.2,0.0,2.0,2.0
1965915.7,6829817.7,0.0,1.0,1.0
1966202.5,6829538.9,1.0,2.0,3.0
1966704.5,6829051.1,0.0,2.0,3.0
1967995.4,6827796.6,0.0,1.0,4.0
1969358.0,6826472.5,0.0,2.0,5.0
1973804.3,6822151.6,0.0,1.0,2.0
1979111.3,6816994.4,0.0,0.0,2.0
1979971.9,6816158.1,0.0,2.0,2.0
1969858.0,6826126.0,0.0,2.0,2.0
1968923.7,6827173.4,0.0,3.0,4.0
1969282.2,6826825.0,0.0,1.0,1.0
1969856.0,6826267.5,1.0,2.0,3.0
1969927.7,6826197.8,0.0,1.0,1.0
1974015.4,6822225.3,0.0,1.0,1.0
1979967.8,6816440.9,0.0,1.0,1.0
1980039.5,6816371.2,0.0,2.0,4.0
1969423.6,6826827.0,1.0,0.0,1.0
1969925.7,6826339.2,1.0,3.0,4.0
1968202.5,6828153.2,0.0,2.0,5.0
1975374.0,6821184.0,1.0,0.0,1.0
1980824.3,6815887.4,1.0,0.0,1.0
1966909.6,6829549.0,0.0,1.0,1.0
1968272.2,6828224.9,1.0,0.0,1.0
1968630.7,6827876.4,0.0,2.0,2.0
1969419.6,6827109.8,0.0,2.0,3.0
1969491.3,6827040.1,0.0,2.0,4.0
1969849.9,6826691.7,0.0,2.0,2.0
1968341.8,6828296.6,0.0,1.0,3.0
1968772.1,6827878.5,0.0,1.0,3.0
1968843.9,6827808.8,1.0,1.0,4.0
1969417.6,6827251.2,0.0,1.0,1.0
1969561.0,6827111.8,0.0,2.0,3.0
1969776.2,6826902.8,1.0,3.0,4.0
1961455.2,6835128.4,0.0,2.0,2.0
1969200.4,6827601.7,0.0,3.0,3.0
1979886.0,6817217.7,1.0,0.0,2.0
1968839.8,6828091.6,0.0,3.0,4.0
1968983.2,6827952.2,0.0,1.0,1.0
1969055.0,6827882.5,0.0,3.0,3.0
1969915.5,6827046.2,2.0,0.0,2.0
1976800.2,6820355.8,0.0,1.0,4.0
1966829.8,6830184.4,0.0,1.0,1.0
1969411.5,6827675.5,0.0,2.0,5.0
1969483.2,6827605.8,0.0,2.0,4.0
1969554.9,6827536.1,1.0,3.0,3.0
1976296.2,6820985.0,0.0,4.0,4.0
1967258.0,6829907.6,0.0,2.0,5.0
1967329.7,6829837.9,0.0,1.0,1.0
1968620.6,6828583.5,0.0,1.0,2.0
1968835.8,6828374.4,0.0,2.0,5.0
1976150.7,6821265.8,0.0,2.0,3.0
1976222.4,6821196.1,0.0,2.0,2.0
1968116.6,6829212.7,0.0,0.0,2.0
1969766.0,6827609.8,0.0,2.0,2.0
1976220.4,6821337.6,1.0,0.0,2.0
1968688.3,6828796.6,1.0,1.0,2.0
1969835.7,6827681.5,0.0,3.0,3.0
1968614.5,6829007.7,1.0,2.0,4.0
1970048.8,6827613.9,2.0,2.0,2.0
1970192.3,6827474.5,1.0,0.0,1.0
1976790.1,6821062.8,2.0,3.0,4.0
1968182.2,6829567.2,0.0,2.0,2.0
1968827.7,6828940.0,0.0,1.0,1.0
1976788.1,6821204.2,2.0,0.0,2.0
1979369.8,6818695.3,2.0,1.0,4.0
1968323.6,6829569.3,2.0,0.0,3.0
1968753.9,6829151.1,0.0,1.0,1.0
1969327.6,6828593.6,0.0,2.0,4.0
1977001.2,6821136.6,0.0,2.0,2.0
1977072.9,6821066.9,0.0,2.0,2.0
1968536.8,6829501.6,0.0,1.0,1.0
1968895.3,6829153.1,1.0,2.0,4.0
1970042.8,6828038.1,0.0,2.0,2.0
1976999.2,6821278.0,0.0,4.0,6.0
1958136.0,6839748.3,0.0,2.0,3.0
1960932.9,6837030.3,1.0,0.0,1.0
1965451.0,6832639.7,0.0,1.0,1.0
1970184.2,6828040.1,0.0,1.0,2.0
1958420.9,6839610.9,3.0,1.0,5.0
1958492.6,6839541.2,0.0,2.0,2.0
1962293.5,6835847.6,0.0,2.0,2.0
1965018.7,6833199.3,0.0,0.0,1.0
1968676.1,6829645.0,0.0,1.0,2.0
1970182.2,6828181.5,0.0,0.0,2.0
1970971.0,6827414.9,0.0,0.0,1.0
1971114.5,6827275.5,0.0,0.0,1.0
1958490.6,6839682.7,0.0,0.0,1.0
1958920.8,6839264.5,1.0,2.0,6.0
1961646.0,6836616.2,0.0,2.0,2.0
1963008.6,6835292.1,0.0,1.0,1.0
1964944.9,6833410.4,2.0,0.0,2.0
1968817.5,6829647.1,0.0,1.0,2.0
1969893.3,6828601.7,0.0,2.0,4.0
1970825.6,6827695.7,0.0,0.0,1.0
1958416.8,6839893.8,0.0,0.0,1.0
1958775.4,6839545.3,0.0,2.0,4.0
1959134.0,6839196.8,1.0,2.0,2.0
1959277.4,6839057.5,0.0,2.0,2.0
1959349.1,6838987.8,1.0,0.0,1.0
1961859.1,6836548.6,1.0,0.0,2.0
1961930.9,6836478.9,0.0,2.0,2.0
1962002.6,6836409.2,1.0,2.0,4.0
1962146.0,6836269.8,0.0,1.0,1.0
1962217.7,6836200.1,0.0,2.0,3.0
1962289.4,6836130.4,0.0,2.0,5.0
1962432.9,6835991.0,1.0,3.0,5.0
1963006.6,6835433.5,0.0,1.0,1.0
1963150.0,6835294.1,3.0,0.0,3.0
1965301.5,6833203.4,0.0,3.0,6.0
1968959.0,6829649.1,1.0,0.0,2.0
1972042.7,6826652.3,1.0,1.0,2.0
1977708.2,6821146.7,0.0,2.0,4.0
1980863.7,6818080.3,1.0,11.0,14.0
1959347.1,6839129.2,2.0,2.0,4.0
1959418.8,6839059.5,1.0,6.0,9.0
1959490.5,6838989.8,1.0,0.0,1.0
1962287.4,6836271.8,1.0,4.0,6.0
1962430.8,6836132.4,1.0,2.0,3.0
1962502.6,6836062.7,0.0,2.0,2.0
1962646.0,6835923.3,0.0,2.0,4.0
1962789.4,6835784.0,1.0,2.0,4.0
1959201.6,6839410.0,0.0,2.0,2.0
1959488.5,6839131.2,2.0,4.0,8.0
1959560.2,6839061.5,0.0,1.0,1.0
1959631.9,6838991.8,0.0,1.0,2.0
1962715.7,6835995.1,2.0,0.0,2.0
1962787.4,6835925.4,0.0,2.0,4.0
1962859.1,6835855.7,1.0,2.0,3.0
1966086.3,6832719.6,0.0,1.0,2.0
1969170.1,6829722.8,1.0,0.0,1.0
1970174.1,6828747.1,1.0,2.0,2.0
1970389.2,6828538.1,1.0,0.0,1.0
1978062.7,6821081.0,0.0,2.0,3.0
1959701.6,6839063.5,0.0,2.0,2.0
1959773.3,6838993.8,0.0,3.0,4.0
1959845.1,6838924.1,0.0,2.0,2.0
1959916.8,6838854.4,0.0,2.0,2.0
1963000.5,6835857.7,1.0,0.0,1.0
1963072.2,6835788.0,0.0,2.0,2.0
1963144.0,6835718.3,2.0,1.0,5.0
1963215.7,6835648.6,1.0,1.0,2.0
1963717.7,6835160.8,1.0,2.0,3.0
1972036.6,6827076.6,1.0,2.0,5.0
1959914.7,6838995.9,0.0,2.0,2.0
1959986.5,6838926.2,0.0,3.0,6.0
1960058.2,6838856.5,0.0,1.0,2.0
1963285.4,6835720.3,0.0,1.0,1.0
1963357.1,6835650.7,0.0,2.0,4.0
1963715.7,6835302.2,1.0,2.0,4.0
1969022.6,6830145.0,0.0,0.0,2.0
1971174.0,6828054.3,0.0,1.0,1.0
1971245.7,6827984.6,0.0,1.0,5.0
1971460.9,6827775.5,3.0,9.0,20.0
1971532.6,6827705.8,1.0,8.0,17.0
1971604.3,6827636.1,3.0,13.0,24.0
1971676.0,6827566.4,0.0,8.0,20.0
1971747.8,6827496.7,6.0,14.0,37.0
1971819.5,6827427.0,4.0,1.0,8.0
1971891.2,6827357.3,26.0,36.0,111.0
1971962.9,6827287.7,2.0,7.0,13.0
1972034.6,6827218.0,5.0,2.0,15.0
1972106.3,6827148.3,1.0,7.0,14.0
1978919.3,6820527.6,1.0,0.0,2.0
1979277.9,6820179.1,2.0,1.0,2.0
1960199.6,6838858.5,0.0,1.0,2.0
1960271.3,6838788.8,1.0,1.0,3.0
1963641.9,6835513.3,0.0,2.0,3.0
1969594.3,6829728.9,2.0,0.0,2.0
1971315.4,6828056.3,3.0,8.0,16.0
1971387.2,6827986.6,3.0,6.0,15.0
1971458.9,6827916.9,3.0,8.0,14.0
1971530.6,6827847.2,1.0,9.0,11.0
1971602.3,6827777.5,4.0,14.0,28.0
1971674.0,6827707.8,5.0,16.0,22.0
1971745.7,6827638.1,1.0,6.0,12.0
1971817.4,6827568.4,7.0,14.0,29.0
1971889.2,6827498.8,0.0,3.0,9.0
1972104.3,6827289.7,8.0,0.0,10.0
1972176.0,6827220.0,1.0,4.0,8.0
1959265.3,6839905.9,1.0,2.0,3.0
1959337.0,6839836.2,0.0,1.0,3.0
1969807.4,6829661.2,1.0,0.0,1.0
1971385.1,6828128.0,1.0,6.0,15.0
1971456.8,6828058.3,4.0,11.0,22.0
1971528.6,6827988.6,2.0,6.0,18.0
1971600.3,6827918.9,5.0,4.0,15.0
1971672.0,6827849.2,6.0,17.0,32.0
1971743.7,6827779.5,3.0,20.0,35.0
1971887.1,6827640.2,3.0,10.0,21.0
1971958.9,6827570.5,2.0,1.0,4.0
1972030.6,6827500.8,3.0,2.0,9.0
1972102.3,6827431.1,0.0,4.0,9.0
1959550.1,6839768.5,0.0,4.0,4.0
1960339.0,6839001.9,0.0,2.0,2.0
1963996.4,6835447.6,0.0,2.0,5.0
1964211.6,6835238.6,0.0,1.0,1.0
1969661.9,6829942.0,1.0,3.0,3.0
1969805.4,6829802.6,1.0,1.0,2.0
1969877.1,6829732.9,0.0,1.0,3.0
1971454.8,6828199.7,1.0,8.0,10.0
1971526.5,6828130.0,1.0,12.0,19.0
1971598.3,6828060.3,9.0,11.0,27.0
1971670.0,6827990.6,0.0,6.0,8.0
1971741.7,6827920.9,3.0,7.0,19.0
1971813.4,6827851.3,3.0,16.0,24.0
1971885.1,6827781.6,5.0,5.0,24.0
1971956.8,6827711.9,2.0,5.0,13.0
1972100.3,6827572.5,9.0,16.0,32.0
1972172.0,6827502.8,3.0,17.0,31.0
1972243.7,6827433.1,51.0,29.0,124.0
1979630.4,6820254.9,1.0,1.0,2.0
1979702.1,6820185.2,0.0,2.0,5.0
1980204.1,6819697.3,0.0,0.0,1.0
1960336.9,6839143.3,2.0,2.0,2.0
1960408.7,6839073.6,0.0,4.0,9.0
1963564.1,6836007.2,0.0,1.0,3.0
1963779.3,6835798.1,1.0,2.0,3.0
1963922.7,6835658.7,0.0,1.0,2.0
1963994.4,6835589.1,0.0,2.0,2.0
1964137.8,6835449.7,0.0,2.0,3.0
1964209.6,6835380.0,0.0,2.0,4.0
1970448.8,6829316.8,1.0,4.0,6.0
1971524.5,6828271.4,0.0,2.0,6.0
1971596.2,6828201.7,1.0,8.0,16.0
1971667.9,6828132.0,1.0,7.0,8.0
1971739.7,6828062.4,0.0,2.0,4.0
1971811.4,6827992.7,4.0,19.0,47.0
1971883.1,6827923.0,2.0,4.0,12.0
1971954.8,6827853.3,6.0,10.0,24.0
1972026.5,6827783.6,6.0,8.0,19.0
1972170.0,6827644.2,3.0,8.0,14.0
1972241.7,6827574.5,2.0,5.0,13.0
1972887.1,6826947.3,0.0,4.0,6.0
1972958.8,6826877.6,0.0,3.0,9.0
1973030.5,6826807.9,2.0,6.0,9.0
1964064.1,6835660.8,0.0,0.0,1.0
1964351.0,6835382.0,1.0,1.0,1.0
1969514.5,6830364.2,0.0,4.0,4.0
1970446.8,6829458.2,1.0,1.0,2.0
1970518.5,6829388.5,2.0,0.0,2.0
1970590.2,6829318.8,1.0,3.0,5.0
1970805.3,6829109.8,0.0,2.0,4.0
1970948.8,6828970.4,0.0,2.0,5.0
1971594.2,6828343.1,0.0,2.0,4.0
1971665.9,6828273.5,1.0,14.0,27.0
1971737.6,6828203.8,1.0,7.0,15.0
1971809.4,6828134.1,4.0,14.0,24.0
1971881.1,6828064.4,1.0,5.0,12.0
1971952.8,6827994.7,32.0,16.0,74.0
1972024.5,6827925.0,13.0,15.0,53.0
1972311.4,6827646.2,30.0,58.0,118.0
1972383.1,6827576.5,38.0,0.0,50.0
1972454.8,6827506.8,31.0,15.0,72.0
1972669.9,6827297.8,6.0,0.0,13.0
1972956.8,6827019.0,1.0,5.0,15.0
1973028.5,6826949.3,1.0,15.0,26.0
1973100.2,6826879.6,2.0,10.0,17.0
1973315.4,6826670.5,0.0,1.0,3.0
1960117.7,6839635.2,0.0,1.0,1.0
1964277.2,6835593.1,0.0,0.0,1.0
1965066.1,6834826.5,0.0,1.0,1.0
1967719.6,6832247.9,0.0,2.0,2.0
1969512.4,6830505.6,1.0,2.0,2.0
1969584.2,6830435.9,0.0,1.0,1.0
1970588.2,6829460.2,0.0,1.0,1.0
1970659.9,6829390.5,0.0,1.0,1.0
1970731.6,6829320.9,1.0,5.0,8.0
1971090.2,6828972.4,1.0,0.0,2.0
1971735.6,6828345.2,1.0,12.0,21.0
1971807.3,6828275.5,2.0,5.0,13.0
1971879.0,6828205.8,2.0,9.0,15.0
1971950.8,6828136.1,2.0,12.0,18.0
1972094.2,6827996.7,29.0,47.0,126.0
1972237.6,6827857.3,25.0,69.0,151.0
1972954.8,6827160.4,2.0,6.0,12.0
1973026.5,6827090.7,0.0,9.0,15.0
1973098.2,6827021.0,4.0,4.0,14.0
1973169.9,6826951.3,1.0,2.0,10.0
1964346.9,6835664.8,7.0,20.0,39.0
1964848.9,6835177.0,0.0,0.0,1.0
1964920.6,6835107.3,0.0,1.0,1.0
1964992.4,6835037.6,0.0,1.0,1.0
1965064.1,6834967.9,1.0,2.0,4.0
1970873.0,6829322.9,3.0,2.0,5.0
1970944.7,6829253.2,2.0,4.0,12.0
1971805.3,6828416.9,2.0,3.0,12.0
1971877.0,6828347.2,4.0,11.0,17.0
1971948.7,6828277.5,4.0,8.0,17.0
1972163.9,6828068.4,76.0,58.0,214.0
1972594.2,6827650.3,7.0,31.0,61.0
1972665.9,6827580.6,9.0,7.0,31.0
1972881.0,6827371.5,19.0,39.0,70.0
1972952.7,6827301.8,23.0,37.0,86.0
1973024.5,6827232.1,1.0,3.0,12.0
1973096.2,6827162.4,2.0,20.0,33.0
1973167.9,6827092.7,2.0,13.0,24.0
1973239.6,6827023.1,4.0,6.0,16.0
1973311.3,6826953.4,0.0,0.0,2.0
1959181.4,6840824.0,0.0,2.0,2.0
1965348.9,6834830.5,0.0,1.0,1.0
1971875.0,6828488.6,1.0,4.0,7.0
1971946.7,6828418.9,2.0,3.0,8.0
1972018.4,6828349.2,1.0,6.0,13.0
1972090.1,6828279.5,23.0,18.0,71.0
1972233.6,6828140.1,30.0,33.0,95.0
1972305.3,6828070.4,36.0,33.0,110.0
1972448.7,6827931.1,5.0,11.0,17.0
1972520.4,6827861.4,1.0,6.0,15.0
1972592.1,6827791.7,11.0,17.0,32.0
1972663.9,6827722.0,2.0,3.0,8.0
1972735.6,6827652.3,1.0,4.0,8.0
1972807.3,6827582.6,3.0,3.0,9.0
1973022.4,6827373.5,9.0,27.0,57.0
1973094.2,6827303.8,1.0,2.0,3.0
1977683.9,6822843.6,1.0,7.0,8.0
1964916.6,6835390.1,3.0,4.0,6.0
1965346.9,6834971.9,1.0,0.0,2.0
1965633.7,6834693.2,0.0,1.0,1.0
1968215.5,6832184.3,0.0,2.0,4.0
1968287.2,6832114.6,1.0,0.0,1.0
1970725.5,6829745.1,0.0,4.0,11.0
1970797.2,6829675.4,0.0,2.0,5.0
1971801.3,6828699.7,4.0,8.0,20.0
1971873.0,6828630.0,1.0,11.0,20.0
1971944.7,6828560.3,4.0,7.0,14.0
1972016.4,6828490.6,4.0,11.0,20.0
1972088.1,6828420.9,4.0,4.0,16.0
1972159.8,6828351.2,2.0,2.0,4.0
1972446.7,6828072.5,2.0,10.0,19.0
1972518.4,6828002.8,1.0,6.0,22.0
1972590.1,6827933.1,7.0,5.0,17.0
1972661.8,6827863.4,6.0,28.0,43.0
1972805.3,6827724.0,4.0,6.0,23.0
1972877.0,6827654.3,0.0,2.0,6.0
1973092.1,6827445.2,13.0,34.0,78.0
1973379.0,6827166.5,0.0,1.0,2.0
1973450.7,6827096.8,2.0,2.0,5.0
1979689.9,6821033.6,0.0,1.0,2.0
1980048.5,6820685.2,0.0,1.0,2.0
1959320.8,6840967.5,0.0,1.0,2.0
1960468.2,6839852.4,0.0,0.0,1.0
1965129.7,6835322.4,0.0,5.0,7.0
1965201.4,6835252.7,0.0,2.0,2.0
1965560.0,6834904.3,0.0,1.0,1.0
1965631.7,6834834.6,0.0,0.0,1.0
1965703.4,6834764.9,1.0,0.0,1.0
1965846.9,6834625.5,0.0,2.0,2.0
1965990.3,6834486.1,0.0,2.0,2.0
1969647.8,6830931.9,0.0,1.0,1.0
1970436.6,6830165.2,0.0,0.0,2.0
1970795.2,6829816.8,0.0,2.0,4.0
1970938.7,6829677.4,0.0,2.0,2.0
1971082.1,6829538.0,0.0,2.0,4.0
1971153.8,6829468.3,2.0,0.0,2.0
1971870.9,6828771.4,4.0,7.0,15.0
1971942.7,6828701.7,2.0,2.0,13.0
1972014.4,6828632.0,4.0,6.0,16.0
1972086.1,6828562.3,6.0,12.0,24.0
1972157.8,6828492.6,2.0,9.0,18.0
1972229.5,6828423.0,2.0,2.0,4.0
1972516.4,6828144.2,8.0,7.0,27.0
1972588.1,6828074.5,5.0,11.0,26.0
1972659.8,6828004.8,2.0,10.0,14.0
1972803.2,6827865.4,81.0,149.0,336.0
1972875.0,6827795.7,3.0,0.0,9.0
1972946.7,6827726.0,10.0,0.0,23.0
1973377.0,6827307.9,1.0,4.0,7.0
1973448.7,6827238.2,2.0,8.0,13.0
1973520.4,6827168.5,1.0,8.0,17.0
1978181.9,6822638.5,0.0,1.0,2.0
1978325.3,6822499.2,0.0,2.0,4.0
1978612.2,6822220.4,0.0,2.0,4.0
1978755.6,6822081.0,0.0,1.0,3.0
1979472.8,6821384.1,0.0,0.0,2.0
1979544.5,6821314.4,0.0,2.0,3.0
1979974.8,6820896.3,0.0,1.0,3.0
1980118.2,6820756.9,0.0,0.0,1.0
1980405.1,6820478.1,0.0,0.0,2.0
1980476.8,6820408.4,2.0,1.0,3.0
1960322.8,6840133.2,0.0,2.0,2.0
1960466.2,6839993.8,0.0,1.0,1.0
1960537.9,6839924.1,1.0,2.0,5.0
1960609.6,6839854.4,2.0,1.0,4.0
1966705.4,6833930.6,0.0,2.0,2.0
1969358.9,6831352.0,1.0,3.0,4.0
1969717.5,6831003.6,0.0,2.0,4.0
1969789.2,6830933.9,0.0,1.0,1.0
1970219.5,6830515.7,1.0,4.0,9.0
1970362.9,6830376.3,0.0,2.0,4.0
1970721.5,6830027.9,0.0,2.0,2.0
1970793.2,6829958.2,0.0,2.0,6.0
1971008.3,6829749.1,1.0,1.0,4.0
1971151.8,6829609.7,0.0,1.0,3.0
1971940.6,6828843.1,2.0,4.0,16.0
1972012.4,6828773.4,2.0,5.0,14.0
1972084.1,6828703.7,1.0,0.0,3.0
1972155.8,6828634.1,3.0,10.0,19.0
1972227.5,6828564.4,2.0,5.0,15.0
1972299.2,6828494.7,2.0,4.0,9.0
1972514.4,6828285.6,0.0,8.0,15.0
1972586.1,6828215.9,1.0,5.0,19.0
1972657.8,6828146.2,2.0,16.0,33.0
1972729.5,6828076.5,0.0,6.0,11.0
1973303.2,6827519.0,1.0,4.0,7.0
1973374.9,6827449.3,0.0,5.0,10.0
1973446.7,6827379.6,4.0,9.0,17.0
1973518.4,6827309.9,3.0,7.0,15.0
1973590.1,6827240.2,1.0,6.0,14.0
1978395.0,6822570.9,1.0,1.0,2.0
1978466.7,6822501.2,0.0,1.0,3.0
1978753.6,6822222.4,0.0,0.0,2.0
1979112.2,6821874.0,0.0,2.0,4.0
1979972.7,6821037.7,0.0,2.0,2.0
1980116.2,6820898.3,2.0,0.0,2.0
1980187.9,6820828.6,1.0,0.0,1.0
1980259.6,6820758.9,0.0,1.0,2.0
1980403.0,6820619.5,1.0,0.0,2.0
1980474.8,6820549.8,0.0,2.0,2.0
1960535.9,6840065.5,0.0,0.0,1.0
1960751.0,6839856.4,1.0,0.0,2.0
1966631.7,6834141.7,0.0,2.0,2.0
1968424.6,6832399.4,1.0,1.0,1.0
1970217.5,6830657.1,0.0,2.0,3.0
1970360.9,6830517.8,0.0,3.0,4.0
1970576.0,6830308.7,1.0,0.0,1.0
1971364.9,6829542.1,0.0,2.0,3.0
1971938.6,6828984.5,4.0,9.0,15.0
1972010.3,6828914.8,10.0,11.0,28.0
1972082.0,6828845.2,4.0,9.0,21.0
1972153.8,6828775.5,4.0,12.0,25.0
1972225.5,6828705.8,6.0,7.0,14.0
1972297.2,6828636.1,3.0,7.0,14.0
1972368.9,6828566.4,1.0,4.0,4.0
1972584.1,6828357.3,2.0,13.0,32.0
1972655.8,6828287.6,3.0,15.0,27.0
1972727.5,6828217.9,2.0,6.0,15.0
1972799.2,6828148.2,2.0,10.0,22.0
1972870.9,6828078.5,111.0,137.0,390.0
1973086.1,6827869.5,32.0,69.0,141.0
1973372.9,6827590.7,1.0,4.0,8.0
1973444.6,6827521.0,2.0,13.0,25.0
1973516.4,6827451.3,1.0,5.0,7.0
1973588.1,6827381.6,0.0,2.0,4.0
1973659.8,6827311.9,3.0,5.0,12.0
1973731.5,6827242.2,0.0,2.0,5.0
1978966.7,6822154.8,0.0,2.0,2.0
1979899.0,6821248.8,2.0,2.0,5.0
1979970.7,6821179.1,0.0,0.0,2.0
1980114.2,6821039.7,0.0,1.0,1.0
1960964.2,6839788.8,0.0,1.0,1.0
1969856.9,6831147.0,0.0,2.0,4.0
1970000.3,6831007.6,0.0,4.0,6.0
1971362.9,6829683.5,0.0,2.0,4.0
1971434.6,6829613.8,1.0,0.0,2.0
1972008.3,6829056.3,7.0,4.0,14.0
1972080.0,6828986.6,5.0,11.0,19.0
1972151.7,6828916.9,1.0,9.0,14.0
1972223.5,6828847.2,3.0,1.0,10.0
1972295.2,6828777.5,3.0,10.0,19.0
1972366.9,6828707.8,2.0,1.0,8.0
1972438.6,6828638.1,0.0,1.0,1.0
1972653.7,6828429.0,3.0,11.0,27.0
1972725.5,6828359.3,5.0,17.0,33.0
1972797.2,6828289.6,7.0,11.0,28.0
1972868.9,6828220.0,3.0,2.0,11.0
1973012.3,6828080.6,0.0,2.0,4.0
1973514.3,6827592.7,2.0,2.0,4.0
1973586.0,6827523.0,4.0,16.0,27.0
1973657.8,6827453.3,2.0,9.0,21.0
1973729.5,6827383.7,8.0,36.0,65.0
1973801.2,6827314.0,2.0,7.0,13.0
1978175.8,6823062.8,0.0,2.0,2.0
1978247.5,6822993.1,0.0,2.0,3.0
1980327.3,6820972.0,0.0,2.0,2.0
1968564.0,6832542.9,0.0,3.0,3.0
1969926.5,6831218.7,0.0,2.0,2.0
1969998.3,6831149.0,0.0,2.0,2.0
1970070.0,6831079.3,1.0,0.0,1.0
1970141.7,6831009.6,0.0,2.0,2.0
1971360.8,6829824.9,0.0,5.0,5.0
1971432.6,6829755.2,3.0,6.0,13.0
1971504.3,6829685.5,3.0,1.0,9.0
1972078.0,6829128.0,0.0,3.0,9.0
1972149.7,6829058.3,0.0,6.0,12.0
1972221.4,6828988.6,5.0,5.0,12.0
1972293.1,6828918.9,2.0,3.0,7.0
1972364.9,6828849.2,5.0,9.0,17.0
1972508.3,6828709.8,3.0,4.0,13.0
1972723.4,6828500.7,2.0,3.0,7.0
1972795.2,6828431.0,1.0,5.0,12.0
1972866.9,6828361.4,2.0,14.0,25.0
1972938.6,6828291.7,1.0,14.0,28.0
1973010.3,6828222.0,5.0,10.0,30.0
1973082.0,6828152.3,3.0,15.0,37.0
1973153.7,6828082.6,2.0,6.0,13.0
1973225.4,6828012.9,6.0,13.0,32.0
1973297.2,6827943.2,1.0,10.0,15.0
1973584.0,6827664.4,0.0,1.0,6.0
1973655.7,6827594.7,1.0,5.0,6.0
1973799.2,6827455.4,2.0,12.0,26.0
1973870.9,6827385.7,15.0,35.0,97.0
1978173.8,6823204.2,0.0,0.0,2.0
1979966.7,6821461.9,0.0,4.0,5.0
1966840.8,6834356.9,0.0,1.0,1.0
1966912.5,6834287.2,0.0,2.0,2.0
1970139.7,6831151.0,0.0,2.0,3.0
1970211.4,6831081.4,0.0,3.0,3.0
1971430.5,6829896.6,0.0,7.0,14.0
1971502.3,6829826.9,1.0,6.0,10.0
1971574.0,6829757.2,2.0,7.0,10.0
1972004.3,6829339.1,0.0,2.0,2.0
1972076.0,6829269.4,0.0,1.0,1.0
1972147.7,6829199.7,0.0,5.0,9.0
1972219.4,6829130.0,0.0,8.0,15.0
1972291.1,6829060.3,5.0,20.0,36.0
1972362.8,6828990.6,3.0,11.0,22.0
1972434.6,6828920.9,3.0,8.0,22.0
1972578.0,6828781.5,24.0,39.0,98.0
1972721.4,6828642.1,38.0,82.0,163.0
1972793.1,6828572.5,9.0,16.0,31.0
1972864.8,6828502.8,0.0,10.0,20.0
1972936.6,6828433.1,4.0,10.0,19.0
1973008.3,6828363.4,4.0,13.0,20.0
1973080.0,6828293.7,2.0,24.0,38.0
1973151.7,6828224.0,4.0,16.0,32.0
1973223.4,6828154.3,2.0,11.0,16.0
1973295.1,6828084.6,4.0,20.0,38.0
1973366.9,6828014.9,4.0,15.0,32.0
1973438.6,6827945.2,16.0,26.0,60.0
1973510.3,6827875.5,2.0,11.0,18.0
1973868.9,6827527.1,39.0,70.0,170.0
1980108.1,6821463.9,1.0,3.0,3.0
1980179.8,6821394.2,0.0,2.0,2.0
1980323.2,6821254.8,0.0,1.0,2.0
1980466.7,6821115.4,0.0,2.0,2.0
1966910.5,6834428.6,0.0,0.0,2.0
1967197.3,6834149.8,1.0,2.0,3.0
1967340.8,6834010.4,1.0,1.0,2.0
1967412.5,6833940.7,0.0,3.0,5.0
1968775.1,6832616.6,0.0,2.0,2.0
1972002.2,6829480.5,0.0,0.0,1.0
1972504.2,6828992.6,1.0,2.0,4.0
1972647.7,6828853.2,23.0,58.0,106.0
1972791.1,6828713.9,6.0,8.0,15.0
1972862.8,6828644.2,4.0,5.0,15.0
1972934.5,6828574.5,13.0,36.0,67.0
1973006.3,6828504.8,1.0,6.0,14.0
1973078.0,6828435.1,4.0,7.0,12.0
1973149.7,6828365.4,2.0,6.0,17.0
1973221.4,6828295.7,10.0,7.0,36.0
1973293.1,6828226.0,4.0,5.0,12.0
1973364.8,6828156.3,3.0,13.0,22.0
1973436.5,6828086.6,6.0,16.0,28.0
1973508.3,6828016.9,7.0,17.0,30.0
1973580.0,6827947.3,15.0,30.0,73.0
1979962.6,6821744.7,1.0,2.0,2.0
1980177.8,6821535.6,3.0,2.0,6.0
1981468.6,6820281.2,0.0,0.0,2.0
1959593.5,6841678.5,1.0,0.0,2.0
1962246.9,6839099.9,1.0,2.0,5.0
1972502.2,6829134.0,0.0,2.0,2.0
1972573.9,6829064.3,0.0,5.0,6.0
1973004.2,6828646.2,45.0,81.0,184.0
1973219.4,6828437.1,29.0,62.0,124.0
1973362.8,6828297.7,4.0,7.0,19.0
1973434.5,6828228.0,9.0,23.0,46.0
1973506.2,6828158.4,6.0,16.0,25.0
1973577.9,6828088.7,33.0,29.0,102.0
1973649.7,6828019.0,3.0,4.0,10.0
1979171.7,6822652.7,0.0,1.0,1.0
1979458.6,6822373.9,0.0,0.0,2.0
1980175.7,6821677.0,0.0,5.0,7.0
1980247.5,6821607.3,0.0,2.0,4.0
1959734.9,6841680.6,2.0,0.0,3.0
1962675.2,6838823.2,0.0,2.0,5.0
1967480.1,6834153.9,0.0,2.0,4.0
1972643.6,6829136.1,1.0,0.0,1.0
1973145.6,6828648.2,53.0,46.0,180.0
1973217.4,6828578.5,33.0,56.0,137.0
1973289.1,6828508.8,12.0,31.0,52.0
1973360.8,6828439.1,16.0,29.0,68.0
1973432.5,6828369.5,6.0,10.0,21.0
1973504.2,6828299.8,29.0,41.0,103.0
1973575.9,6828230.1,13.0,25.0,53.0
1973647.6,6828160.4,12.0,34.0,79.0
1979169.7,6822794.1,2.0,2.0,3.0
1980245.4,6821748.7,1.0,2.0,4.0
1980317.2,6821679.1,8.0,13.0,31.0
1980604.0,6821400.3,1.0,1.0,4.0
1961525.7,6840079.7,1.0,1.0,1.0
1967765.0,6834016.5,1.0,0.0,2.0
1973573.9,6828371.5,19.0,42.0,73.0
1973645.6,6828301.8,3.0,8.0,21.0
1973717.3,6828232.1,6.0,11.0,20.0
1973860.8,6828092.7,9.0,18.0,39.0
1973932.5,6828023.0,15.0,28.0,48.0
1974004.2,6827953.3,11.0,36.0,54.0
1974075.9,6827883.6,8.0,16.0,39.0
1974147.6,6827813.9,6.0,24.0,48.0
1974219.3,6827744.3,1.0,3.0,3.0
1974362.8,6827604.9,2.0,25.0,32.0
1979813.1,6822308.3,0.0,1.0,1.0
1980171.7,6821959.8,1.0,2.0,2.0
1980243.4,6821890.2,0.0,1.0,1.0
1980315.1,6821820.5,0.0,0.0,3.0
1980673.7,6821472.0,1.0,2.0,2.0
1967762.9,6834157.9,0.0,0.0,1.0
1968265.0,6833670.1,0.0,2.0,4.0
1973930.5,6828164.4,4.0,23.0,47.0
1974002.2,6828094.7,37.0,46.0,113.0
1974073.9,6828025.0,3.0,34.0,42.0
1974145.6,6827955.3,10.0,51.0,72.0
1974217.3,6827885.7,11.0,41.0,73.0
1974289.0,6827816.0,11.0,56.0,92.0
1974360.7,6827746.3,12.0,44.0,92.0
1974432.5,6827676.6,0.0,21.0,27.0
1974504.2,6827606.9,0.0,0.0,2.0
1979811.1,6822449.7,1.0,1.0,1.0
1980313.1,6821961.9,1.0,0.0,2.0
1967904.4,6834159.9,0.0,2.0,2.0
1968119.5,6833950.9,0.0,0.0,1.0
1968262.9,6833811.5,1.0,0.0,1.0
1968406.4,6833672.1,0.0,2.0,2.0
1974000.1,6828236.1,0.0,8.0,12.0
1974071.9,6828166.4,5.0,15.0,25.0
1974143.6,6828096.8,4.0,10.0,30.0
1974215.3,6828027.1,7.0,33.0,51.0
1974287.0,6827957.4,1.0,5.0,11.0
1974358.7,6827887.7,1.0,0.0,1.0
1974430.4,6827818.0,0.0,4.0,8.0
1974502.2,6827748.3,0.0,2.0,6.0
1979880.8,6822521.4,1.0,2.0,4.0
1980024.2,6822382.0,0.0,1.0,1.0
1962810.6,6839249.4,1.0,3.0,3.0
1964460.0,6837646.5,1.0,1.0,1.0
1967830.6,6834371.0,0.0,0.0,2.0
1967974.0,6834231.6,0.0,2.0,2.0
1968117.5,6834092.3,0.0,2.0,4.0
1968332.6,6833883.2,0.0,2.0,3.0
1968404.3,6833813.5,1.0,0.0,2.0
1968476.1,6833743.8,0.0,1.0,3.0
1968547.8,6833674.1,1.0,2.0,6.0
1968691.2,6833534.7,1.0,0.0,2.0
1969480.1,6832768.1,0.0,2.0,4.0
1973998.1,6828377.5,45.0,0.0,85.0
1974285.0,6828098.8,0.0,1.0,1.0
1974356.7,6828029.1,2.0,3.0,4.0
1979878.8,6822662.8,0.0,1.0,4.0
1980022.2,6822523.4,1.0,1.0,1.0
1980595.9,6821965.9,1.0,1.0,4.0
1960226.8,6841899.8,0.0,2.0,2.0
1962163.1,6840018.1,0.0,2.0,5.0
1962306.5,6839878.7,0.0,3.0,4.0
1968043.7,6834303.4,0.0,0.0,1.0
1968115.5,6834233.7,0.0,1.0,1.0
1968330.6,6834024.6,0.0,2.0,2.0
1968402.3,6833954.9,1.0,3.0,3.0
1968545.7,6833815.5,1.0,3.0,4.0
1969478.0,6832909.5,0.0,2.0,3.0
1970482.1,6831933.8,0.0,4.0,7.0
1970553.8,6831864.2,4.0,3.0,10.0
1973924.4,6828588.6,0.0,2.0,2.0
1973996.1,6828519.0,1.0,3.0,7.0
1974067.8,6828449.3,0.0,6.0,6.0
1974139.5,6828379.6,22.0,1.0,64.0
1974211.2,6828309.9,2.0,13.0,17.0
1974283.0,6828240.2,2.0,11.0,13.0
1974354.7,6828170.5,5.0,22.0,31.0
1974641.5,6827891.7,58.0,28.0,178.0
1980450.5,6822246.7,1.0,2.0,6.0
1980522.2,6822177.0,2.0,0.0,2.0
1980809.0,6821898.2,0.0,1.0,1.0
1980880.8,6821828.6,0.0,0.0,1.0
1960655.0,6841623.0,0.0,2.0,4.0
1968543.7,6833956.9,3.0,3.0,6.0
1968758.9,6833747.9,0.0,3.0,5.0
1968830.6,6833678.2,1.0,2.0,3.0
1969762.9,6832772.2,1.0,1.0,2.0
1969834.6,6832702.5,0.0,5.0,5.0
1970480.0,6832075.3,0.0,2.0,3.0
1970623.5,6831935.9,0.0,2.0,4.0
1973994.1,6828660.4,7.0,2.0,8.0
1974065.8,6828590.7,3.0,6.0,7.0
1974137.5,6828521.0,17.0,2.0,50.0
1974209.2,6828451.3,0.0,0.0,1.0
1974280.9,6828381.6,7.0,25.0,39.0
1974352.7,6828311.9,1.0,12.0,19.0
1974424.4,6828242.2,21.0,13.0,59.0
1974496.1,6828172.5,6.0,15.0,26.0
1980448.4,6822388.1,1.0,1.0,2.0
1981022.2,6821830.6,1.0,0.0,1.0
1961155.0,6841276.6,0.0,0.0,1.0
1962015.6,6840440.3,0.0,2.0,4.0
1963091.3,6839394.9,0.0,1.0,2.0
1963163.1,6839325.2,1.0,2.0,2.0
1963449.9,6839046.4,0.0,2.0,2.0
1969976.0,6832704.5,0.0,2.0,2.0
1970119.4,6832565.1,3.0,6.0,10.0
1970406.3,6832286.4,0.0,2.0,4.0
1972557.7,6830195.6,0.0,7.0,8.0
1972916.3,6829847.1,1.0,2.0,5.0
1974207.2,6828592.7,1.0,2.0,7.0
1974278.9,6828523.0,2.0,10.0,23.0
1974350.6,6828453.3,8.0,28.0,47.0
1974422.3,6828383.6,53.0,44.0,141.0
1974494.1,6828313.9,15.0,8.0,32.0
1974565.8,6828244.2,4.0,13.0,18.0
1963663.0,6838978.8,0.0,2.0,2.0
1963806.5,6838839.4,0.0,1.0,1.0
1963949.9,6838700.0,1.0,0.0,1.0
1969041.7,6833751.9,1.0,2.0,3.0
1969113.4,6833682.2,1.0,2.0,4.0
1969185.1,6833612.5,2.0,3.0,4.0
1970045.7,6832776.2,0.0,1.0,1.0
1970260.8,6832567.1,1.0,1.0,2.0
1972842.6,6830058.2,1.0,2.0,2.0
1972914.3,6829988.5,0.0,1.0,1.0
1974205.2,6828734.1,0.0,3.0,5.0
1974348.6,6828594.7,3.0,13.0,24.0
1974420.3,6828525.0,4.0,10.0,23.0
1974492.0,6828455.3,1.0,2.0,8.0
1974563.8,6828385.6,20.0,44.0,93.0
1974635.5,6828315.9,0.0,1.0,1.0
1980516.1,6822601.2,1.0,2.0,2.0
1982452.4,6820719.6,1.0,1.0,3.0
1963661.0,6839120.2,0.0,2.0,4.0
1964234.7,6838562.6,0.0,3.0,3.0
1969326.5,6833614.5,0.0,4.0,7.0
1970330.5,6832638.9,3.0,1.0,6.0
1970832.5,6832151.0,0.0,2.0,2.0
1973988.0,6829084.6,2.0,2.0,3.0
1974059.7,6829014.9,4.0,2.0,12.0
1974203.2,6828875.5,0.0,4.0,4.0
1974274.9,6828805.8,3.0,8.0,20.0
1974346.6,6828736.1,4.0,10.0,19.0
1974418.3,6828666.4,2.0,3.0,5.0
1974490.0,6828596.7,6.0,5.0,17.0
1974561.7,6828527.0,21.0,36.0,72.0
1974633.4,6828457.4,5.0,4.0,18.0
1974705.2,6828387.7,0.0,0.0,1.0
1980657.5,6822603.3,1.0,0.0,1.0
1982593.8,6820721.6,0.0,0.0,1.0
1963300.4,6839610.0,1.0,1.0,2.0
1963587.3,6839331.3,1.0,1.0,3.0
1969539.6,6833546.9,1.0,1.0,2.0
1970256.8,6832850.0,3.0,2.0,6.0
1970400.2,6832710.6,1.0,1.0,1.0
1970471.9,6832640.9,0.0,0.0,1.0
1971260.8,6831874.3,1.0,2.0,4.0
1973627.4,6829574.4,3.0,8.0,10.0
1973699.1,6829504.8,5.0,5.0,12.0
1973770.8,6829435.1,0.0,2.0,5.0
1973842.6,6829365.4,3.0,1.0,4.0
1973914.3,6829295.7,5.0,6.0,10.0
1973986.0,6829226.0,2.0,11.0,19.0
1974057.7,6829156.3,5.0,2.0,11.0
1974129.4,6829086.6,1.0,0.0,1.0
1974201.1,6829016.9,54.0,107.0,212.0
1974272.8,6828947.2,2.0,8.0,14.0
1974344.6,6828877.5,1.0,16.0,27.0
1974416.3,6828807.8,1.0,19.0,38.0
1974488.0,6828738.1,32.0,1.0,58.0
1974559.7,6828668.5,54.0,55.0,152.0
1974631.4,6828598.8,7.0,23.0,41.0
1980368.6,6823023.4,0.0,2.0,2.0
1980798.9,6822605.3,1.0,4.0,5.0
1982663.5,6820793.3,0.0,0.0,1.0
1982807.0,6820653.9,0.0,0.0,1.0
1964876.1,6838218.2,0.0,4.0,6.0
1969609.3,6833618.6,0.0,2.0,4.0
1969681.0,6833548.9,1.0,0.0,2.0
1969824.5,6833409.5,0.0,1.0,1.0
1973553.7,6829785.5,9.0,26.0,53.0
1973625.4,6829715.9,3.0,9.0,15.0
1973697.1,6829646.2,2.0,10.0,18.0
1973768.8,6829576.5,5.0,5.0,11.0
1973840.5,6829506.8,3.0,14.0,24.0
1973912.2,6829437.1,11.0,19.0,39.0
1973984.0,6829367.4,7.0,11.0,26.0
1974055.7,6829297.7,1.0,11.0,12.0
1974127.4,6829228.0,0.0,1.0,3.0
1974199.1,6829158.3,2.0,6.0,12.0
1974270.8,6829088.6,2.0,6.0,12.0
1974342.5,6829018.9,4.0,4.0,10.0
1974414.2,6828949.2,2.0,12.0,20.0
1974486.0,6828879.6,2.0,2.0,10.0
1975203.1,6828182.6,3.0,4.0,10.0
1975274.8,6828112.9,13.0,31.0,74.0
1980294.9,6823234.5,0.0,2.0,2.0
1980868.6,6822677.0,1.0,0.0,1.0
1960642.9,6842471.5,0.0,1.0,1.0
1960786.3,6842332.1,2.0,0.0,2.0
1965304.4,6837941.5,0.0,0.0,1.0
1973551.6,6829927.0,3.0,7.0,12.0
1973623.4,6829857.3,2.0,13.0,23.0
1973695.1,6829787.6,36.0,89.0,155.0
1973766.8,6829717.9,3.0,4.0,6.0
1973838.5,6829648.2,5.0,12.0,26.0
1973910.2,6829578.5,5.0,10.0,17.0
1973981.9,6829508.8,3.0,13.0,18.0
1974053.7,6829439.1,3.0,5.0,17.0
1974125.4,6829369.4,1.0,11.0,15.0
1974197.1,6829299.7,17.0,46.0,79.0
1974268.8,6829230.0,5.0,7.0,10.0
1975129.4,6828393.7,13.0,25.0,65.0
1975201.1,6828324.0,1.0,3.0,9.0
1975272.8,6828254.4,2.0,12.0,16.0
1975344.5,6828184.7,4.0,12.0,25.0
1975416.2,6828115.0,0.0,9.0,15.0
1975488.0,6828045.3,1.0,0.0,3.0
1980938.3,6822748.7,0.0,0.0,2.0
1981440.3,6822260.9,0.0,5.0,10.0
1981512.0,6822191.2,1.0,2.0,4.0
1962362.0,6840940.3,0.0,3.0,4.0
1963652.9,6839685.8,0.0,0.0,1.0
1973334.5,6830277.4,2.0,0.0,2.0
1973549.6,6830068.4,3.0,13.0,20.0
1973621.3,6829998.7,1.0,10.0,18.0
1973693.1,6829929.0,4.0,13.0,18.0
1973764.8,6829859.3,4.0,2.0,9.0
1973908.2,6829719.9,6.0,16.0,35.0
1973979.9,6829650.2,4.0,14.0,24.0
1974051.6,6829580.5,3.0,13.0,24.0
1974123.3,6829510.8,4.0,10.0,18.0
1974195.1,6829441.1,2.0,5.0,9.0
1974266.8,6829371.4,2.0,12.0,21.0
1974338.5,6829301.7,4.0,6.0,14.0
1975055.6,6828604.8,3.0,5.0,14.0
1975127.4,6828535.1,1.0,6.0,12.0
1975199.1,6828465.4,5.0,14.0,24.0
1975270.8,6828395.8,4.0,5.0,15.0
1975342.5,6828326.1,4.0,9.0,15.0
1975414.2,6828256.4,0.0,3.0,3.0
1975485.9,6828186.7,1.0,4.0,8.0
1975557.6,6828117.0,2.0,4.0,11.0
1975629.4,6828047.3,3.0,7.0,15.0
1981079.7,6822750.7,0.0,2.0,2.0
1981294.9,6822541.7,1.0,3.0,5.0
1960925.7,6842475.5,1.0,0.0,2.0
1963794.3,6839687.8,0.0,4.0,6.0
1964511.5,6838990.9,2.0,2.0,2.0
1965085.2,6838433.4,0.0,2.0,2.0
1965587.2,6837945.5,0.0,1.0,1.0
1971467.9,6832230.8,0.0,2.0,4.0
1971539.6,6832161.1,0.0,5.0,7.0
1971611.3,6832091.4,4.0,22.0,38.0
1972185.0,6831533.9,0.0,2.0,5.0
1972256.7,6831464.2,0.0,2.0,5.0
1972758.7,6830976.4,2.0,3.0,6.0
1973332.5,6830418.8,1.0,2.0,3.0
1973404.2,6830349.1,1.0,2.0,5.0
1973475.9,6830279.5,0.0,3.0,5.0
1973547.6,6830209.8,2.0,0.0,2.0
1973619.3,6830140.1,4.0,8.0,16.0
1973691.0,6830070.4,4.0,12.0,24.0
1973762.7,6830000.7,5.0,15.0,29.0
1973834.5,6829931.0,2.0,15.0,29.0
1973977.9,6829791.6,2.0,13.0,25.0
1974049.6,6829721.9,7.0,14.0,28.0
1974121.3,6829652.2,2.0,14.0,25.0
1974193.0,6829582.5,2.0,7.0,15.0
1974264.7,6829512.8,2.0,10.0,21.0
1974336.5,6829443.2,1.0,14.0,26.0
1974408.2,6829373.5,0.0,4.0,9.0
1975053.6,6828746.2,56.0,106.0,220.0
1975125.3,6828676.5,2.0,8.0,13.0
1975197.0,6828606.9,3.0,8.0,11.0
1975268.8,6828537.2,1.0,4.0,8.0
1975340.5,6828467.5,65.0,127.0,316.0
1975412.2,6828397.8,4.0,7.0,18.0
1975483.9,6828328.1,5.0,11.0,24.0
1975555.6,6828258.4,2.0,2.0,6.0
1975627.3,6828188.7,2.0,7.0,20.0
1975699.1,6828119.0,3.0,4.0,12.0
1975770.8,6828049.3,5.0,3.0,15.0
1981077.7,6822892.1,0.0,0.0,2.0
1981149.4,6822822.4,0.0,1.0,2.0
1981292.8,6822683.1,0.0,2.0,2.0
1964509.5,6839132.3,0.0,1.0,1.0
1964581.2,6839062.6,8.0,28.0,63.0
1964652.9,6838992.9,0.0,2.0,6.0
1964724.6,6838923.2,1.0,0.0,1.0
1964796.3,6838853.6,0.0,7.0,7.0
1965226.6,6838435.4,0.0,2.0,2.0
1971107.3,6832720.7,0.0,3.0,3.0
1971179.0,6832651.0,1.0,4.0,5.0
1971537.5,6832302.5,1.0,4.0,7.0
1971609.3,6832232.8,3.0,9.0,20.0
1971681.0,6832163.2,1.0,11.0,21.0
1971752.7,6832093.5,4.0,5.0,14.0
1971824.4,6832023.8,10.0,34.0,72.0
1972039.6,6831814.7,0.0,2.0,3.0
1972111.3,6831745.0,1.0,5.0,8.0
1972183.0,6831675.3,1.0,2.0,6.0
1972326.4,6831535.9,0.0,2.0,2.0
1973043.6,6830839.0,0.0,0.0,1.0
1973617.3,6830281.5,1.0,2.0,4.0
1973760.7,6830142.1,0.0,2.0,6.0
1973832.4,6830072.4,3.0,6.0,9.0
1973904.1,6830002.7,0.0,1.0,3.0
1974047.6,6829863.3,9.0,9.0,29.0
1974119.3,6829793.6,6.0,12.0,25.0
1974191.0,6829723.9,2.0,9.0,13.0
1974262.7,6829654.3,3.0,12.0,21.0
1974334.4,6829584.6,5.0,13.0,23.0
1974406.2,6829514.9,1.0,7.0,21.0
1974477.9,6829445.2,2.0,2.0,4.0
1974836.4,6829096.7,5.0,0.0,9.0
1975051.6,6828887.6,3.0,5.0,14.0
1975123.3,6828818.0,8.0,8.0,22.0
1975195.0,6828748.3,0.0,5.0,10.0
1975266.7,6828678.6,13.0,17.0,50.0
1975338.5,6828608.9,1.0,6.0,15.0
1975481.9,6828469.5,4.0,8.0,16.0
1975553.6,6828399.8,3.0,11.0,22.0
1975625.3,6828330.1,7.0,10.0,25.0
1975697.0,6828260.4,1.0,2.0,4.0
1975768.7,6828190.7,0.0,8.0,20.0
1975840.5,6828121.0,1.0,10.0,26.0
1975912.2,6828051.3,4.0,4.0,14.0
1975983.9,6827981.7,0.0,1.0,5.0
1981219.1,6822894.2,0.0,2.0,2.0
1981577.7,6822545.7,1.0,3.0,6.0
1981649.4,6822476.0,0.0,0.0,1.0
1981721.1,6822406.3,1.0,0.0,2.0
1981792.8,6822336.6,0.0,2.0,2.0
1960348.0,6843315.8,1.0,4.0,5.0
1964650.9,6839134.3,0.0,0.0,2.0
1964722.6,6839064.7,0.0,0.0,2.0
1964866.0,6838925.3,2.0,3.0,8.0
1964937.7,6838855.6,0.0,7.0,9.0
1965009.4,6838785.9,0.0,3.0,3.0
1965511.4,6838298.0,1.0,2.0,5.0
1971320.4,6832653.0,1.0,2.0,3.0
1971535.5,6832443.9,1.0,2.0,6.0
1971607.2,6832374.3,0.0,3.0,6.0
1971679.0,6832304.6,6.0,6.0,15.0
1971750.7,6832234.9,2.0,5.0,18.0
1971822.4,6832165.2,0.0,0.0,1.0
1971894.1,6832095.5,0.0,4.0,8.0
1972109.2,6831886.4,4.0,1.0,4.0
1972181.0,6831816.7,0.0,0.0,1.0
1972252.7,6831747.0,1.0,0.0,2.0
1972324.4,6831677.3,0.0,2.0,2.0
1972396.1,6831607.6,0.0,2.0,4.0
1972826.4,6831189.5,1.0,6.0,9.0
1974189.0,6829865.4,4.0,5.0,10.0
1974260.7,6829795.7,3.0,2.0,10.0
1974332.4,6829726.0,1.0,4.0,8.0
1974404.1,6829656.3,2.0,6.0,13.0
1974475.8,6829586.6,1.0,13.0,20.0
1975121.3,6828959.4,5.0,8.0,17.0
1975193.0,6828889.7,1.0,15.0,26.0
1975264.7,6828820.0,1.0,11.0,19.0
1975336.4,6828750.3,2.0,5.0,11.0
1975408.1,6828680.6,5.0,8.0,15.0
1975479.9,6828610.9,15.0,56.0,108.0
1975551.6,6828541.2,1.0,11.0,20.0
1975623.3,6828471.5,5.0,16.0,37.0
1975695.0,6828401.8,1.0,6.0,12.0
1975910.2,6828192.8,2.0,6.0,13.0
1975981.9,6828123.1,1.0,2.0,8.0
1976053.6,6828053.4,3.0,11.0,17.0
1976125.3,6827983.7,1.0,6.0,13.0
1976197.0,6827914.0,1.0,1.0,8.0
1976268.7,6827844.3,3.0,3.0,8.0
1980356.5,6823871.9,0.0,0.0,1.0
1981145.4,6823105.3,0.0,0.0,1.0
1981647.4,6822617.4,0.0,1.0,1.0
1961206.5,6842621.0,2.0,3.0,5.0
1964648.8,6839275.8,1.0,2.0,4.0
1964935.7,6838997.0,1.0,5.0,8.0
1965007.4,6838927.3,0.0,2.0,3.0
1965868.0,6838091.0,0.0,3.0,3.0
1971174.9,6832933.8,1.0,3.0,4.0
1971390.1,6832724.7,0.0,2.0,2.0
1971461.8,6832655.0,2.0,4.0,5.0
1971605.2,6832515.7,0.0,3.0,5.0
1971676.9,6832446.0,4.0,13.0,27.0
1971748.6,6832376.3,1.0,2.0,7.0
1971820.4,6832306.6,3.0,8.0,15.0
1972035.5,6832097.5,0.0,1.0,2.0
1972107.2,6832027.8,0.0,9.0,16.0
1972322.4,6831818.7,1.0,2.0,5.0
1975191.0,6829031.1,4.0,3.0,8.0
1975262.7,6828961.4,3.0,5.0,11.0
1975334.4,6828891.7,0.0,5.0,9.0
1975621.3,6828612.9,0.0,4.0,5.0
1975693.0,6828543.2,3.0,16.0,24.0
1975764.7,6828473.5,2.0,0.0,4.0
1975836.4,6828403.9,2.0,2.0,4.0
1976123.3,6828125.1,0.0,3.0,7.0
1976195.0,6828055.4,0.0,2.0,8.0
1976266.7,6827985.7,1.0,10.0,16.0
1976338.4,6827916.0,1.0,2.0,6.0
1976410.1,6827846.3,0.0,1.0,3.0
1976481.8,6827776.6,0.0,1.0,2.0
1976553.6,6827706.9,0.0,2.0,2.0
1980784.8,6823595.1,0.0,2.0,5.0
1980856.5,6823525.4,2.0,2.0,4.0
1981215.1,6823177.0,1.0,2.0,3.0
1981358.5,6823037.6,0.0,3.0,3.0
1982075.6,6822340.7,0.0,0.0,3.0
1982219.1,6822201.3,0.0,2.0,6.0
1960415.6,6843529.0,1.0,2.0,5.0
1960487.3,6843459.3,1.0,3.0,5.0
1960630.8,6843319.9,0.0,2.0,6.0
1960702.5,6843250.2,0.0,1.0,3.0
1961061.1,6842901.7,1.0,0.0,2.0
1961132.8,6842832.1,0.0,2.0,4.0
1961563.1,6842413.9,1.0,2.0,2.0
1961778.2,6842204.8,0.0,2.0,5.0
1965148.8,6838929.3,0.0,1.0,2.0
1965220.5,6838859.6,0.0,2.0,2.0
1971316.3,6832935.8,0.0,0.0,2.0
1971459.8,6832796.5,0.0,3.0,3.0
1971531.5,6832726.8,1.0,0.0,2.0
1971603.2,6832657.1,1.0,2.0,8.0
1971674.9,6832587.4,2.0,7.0,17.0
1971746.6,6832517.7,2.0,10.0,20.0
1971818.3,6832448.0,3.0,9.0,13.0
1971890.1,6832378.3,2.0,6.0,14.0
1972105.2,6832169.2,1.0,4.0,8.0
1974328.4,6830008.8,4.0,0.0,4.0
1974400.1,6829939.1,0.0,0.0,2.0
1974471.8,6829869.4,2.0,2.0,7.0
1974615.2,6829730.0,0.0,0.0,2.0
1974973.8,6829381.6,1.0,0.0,2.0
1975045.5,6829311.9,3.0,3.0,9.0
1975117.2,6829242.2,2.0,5.0,11.0
1975189.0,6829172.5,2.0,12.0,19.0
1975260.7,6829102.8,3.0,12.0,19.0
1975332.4,6829033.1,2.0,6.0,7.0
1975404.1,6828963.4,2.0,4.0,12.0
1975547.5,6828824.0,0.0,9.0,17.0
1975619.2,6828754.3,11.0,25.0,54.0
1975691.0,6828684.6,0.0,1.0,2.0
1975762.7,6828615.0,1.0,10.0,25.0
1975834.4,6828545.3,2.0,3.0,14.0
1975977.8,6828405.9,1.0,7.0,14.0
1976121.3,6828266.5,1.0,5.0,9.0
1976623.3,6827778.7,0.0,1.0,1.0
1976695.0,6827709.0,1.0,0.0,2.0
1976766.7,6827639.3,0.0,2.0,3.0
1976838.4,6827569.6,1.0,2.0,4.0
1980782.7,6823736.5,0.0,1.0,2.0
1980854.5,6823666.8,1.0,6.0,8.0
1980926.2,6823597.2,1.0,2.0,3.0
1981141.3,6823388.1,1.0,2.0,6.0
1981213.0,6823318.4,2.0,2.0,12.0
1981284.7,6823248.7,0.0,8.0,11.0
1981356.5,6823179.0,0.0,0.0,1.0
1981428.2,6823109.3,0.0,0.0,1.0
1960628.7,6843461.3,1.0,0.0,1.0
1963067.1,6841091.8,0.0,3.0,3.0
1963425.6,6840743.3,0.0,1.0,1.0
1965218.5,6839001.0,0.0,2.0,4.0
1967585.1,6836701.2,1.0,0.0,1.0
1971386.0,6833007.5,2.0,2.0,5.0
1971529.5,6832868.2,2.0,6.0,11.0
1971601.2,6832798.5,2.0,8.0,13.0
1971672.9,6832728.8,4.0,9.0,18.0
1971744.6,6832659.1,2.0,4.0,8.0
1971816.3,6832589.4,2.0,8.0,12.0
1971888.0,6832519.7,3.0,4.0,12.0
1971959.7,6832450.0,2.0,10.0,20.0
1972031.5,6832380.3,5.0,11.0,27.0
1972103.2,6832310.6,2.0,11.0,20.0
1972174.9,6832240.9,1.0,2.0,3.0
1974326.3,6830150.2,0.0,2.0,3.0
1974398.1,6830080.5,1.0,0.0,2.0
1974469.8,6830010.8,2.0,4.0,7.0
1974541.5,6829941.1,1.0,7.0,12.0
1974613.2,6829871.4,1.0,3.0,7.0
1974900.1,6829592.7,0.0,8.0,16.0
1974971.8,6829523.0,6.0,10.0,21.0
1975043.5,6829453.3,4.0,9.0,13.0
1975115.2,6829383.6,2.0,8.0,17.0
1975186.9,6829313.9,4.0,6.0,17.0
1975258.6,6829244.2,3.0,21.0,30.0
1975330.4,6829174.5,5.0,6.0,19.0
1975402.1,6829104.8,4.0,9.0,14.0
1975473.8,6829035.1,0.0,1.0,4.0
1975617.2,6828895.7,0.0,7.0,12.0
1975688.9,6828826.0,1.0,7.0,13.0
1975832.4,6828686.7,15.0,54.0,111.0
1976047.5,6828477.6,0.0,0.0,5.0
1976262.7,6828268.5,0.0,2.0,4.0
1976334.4,6828198.8,3.0,7.0,9.0
1976979.8,6827571.6,0.0,2.0,5.0
1981067.6,6823599.2,0.0,2.0,2.0
1981282.7,6823390.1,0.0,5.0,7.0
1983362.5,6821369.0,1.0,0.0,1.0
1960985.3,6843254.2,0.0,1.0,1.0
1961200.4,6843045.2,1.0,2.0,5.0
1963351.9,6840954.4,0.0,2.0,5.0
1966220.5,6838166.8,0.0,2.0,4.0
1971384.0,6833149.0,1.0,1.0,4.0
1971599.1,6832939.9,0.0,1.0,4.0
1971670.9,6832870.2,3.0,1.0,6.0
1971742.6,6832800.5,0.0,8.0,11.0
1971814.3,6832730.8,4.0,11.0,25.0
1971886.0,6832661.1,6.0,3.0,12.0
1971957.7,6832591.4,3.0,10.0,17.0
1972029.4,6832521.7,5.0,15.0,24.0
1972101.2,6832452.0,1.0,5.0,9.0
1972172.9,6832382.3,4.0,3.0,11.0
1972818.3,6831755.1,0.0,2.0,2.0
1975041.5,6829594.7,2.0,2.0,10.0
1975113.2,6829525.0,5.0,11.0,26.0
1975184.9,6829455.3,5.0,6.0,15.0
1975256.6,6829385.6,4.0,15.0,23.0
1975328.3,6829315.9,6.0,15.0,24.0
1975400.1,6829246.2,3.0,14.0,24.0
1975471.8,6829176.5,2.0,4.0,9.0
1975543.5,6829106.8,4.0,6.0,11.0
1975615.2,6829037.1,3.0,6.0,9.0
1975686.9,6828967.5,26.0,62.0,156.0
1975830.3,6828828.1,9.0,12.0,25.0
1975902.1,6828758.4,7.0,9.0,23.0
1975973.8,6828688.7,0.0,3.0,6.0
1976117.2,6828549.3,1.0,2.0,4.0
1981997.9,6822834.6,0.0,0.0,1.0
1982069.6,6822764.9,0.0,1.0,1.0
1961341.8,6843047.2,0.0,2.0,4.0
1962417.6,6842001.8,1.0,3.0,4.0
1962489.3,6841932.1,0.0,2.0,3.0
1962776.2,6841653.4,0.0,1.0,1.0
1971453.7,6833220.7,0.0,2.0,4.0
1971668.8,6833011.6,1.0,1.0,1.0
1971740.6,6832941.9,0.0,2.0,2.0
1971812.3,6832872.2,11.0,6.0,24.0
1971884.0,6832802.5,1.0,1.0,5.0
1971955.7,6832732.8,2.0,2.0,8.0
1972027.4,6832663.1,2.0,4.0,9.0
1972099.1,6832593.4,1.0,6.0,12.0
1972170.8,6832523.8,0.0,6.0,9.0
1972242.6,6832454.1,0.0,0.0,2.0
1974609.2,6830154.2,0.0,0.0,1.0
1975182.9,6829596.7,1.0,0.0,2.0
1975254.6,6829527.0,5.0,15.0,27.0
1975326.3,6829457.3,3.0,11.0,21.0
1975398.0,6829387.6,6.0,11.0,20.0
1975469.7,6829317.9,2.0,7.0,16.0
1975541.5,6829248.2,3.0,13.0,24.0
1975613.2,6829178.6,6.0,16.0,34.0
1975684.9,6829108.9,1.0,9.0,23.0
1975756.6,6829039.2,3.0,10.0,14.0
1975828.3,6828969.5,0.0,8.0,10.0
1975900.0,6828899.8,0.0,4.0,10.0
1975971.7,6828830.1,1.0,11.0,22.0
1976043.5,6828760.4,1.0,1.0,5.0
1982067.5,6822906.3,0.0,1.0,2.0
1961985.3,6842561.4,0.0,2.0,2.0
1962487.3,6842073.5,1.0,0.0,1.0
1962559.0,6842003.8,0.0,2.0,5.0
1962917.6,6841655.4,0.0,1.0,3.0
1962989.3,6841585.7,0.0,2.0,2.0
1963061.0,6841516.0,0.0,2.0,4.0
1965929.6,6838728.3,1.0,1.0,2.0
1966073.0,6838589.0,1.0,2.0,5.0
1966144.7,6838519.3,0.0,1.0,2.0
1966216.5,6838449.6,0.0,2.0,2.0
1966288.2,6838379.9,0.0,0.0,2.0
1966503.3,6838170.8,4.0,5.0,12.0
1971523.4,6833292.4,0.0,1.0,2.0
1971810.2,6833013.6,0.0,2.0,2.0
1971882.0,6832943.9,0.0,4.0,5.0
1975396.0,6829529.0,2.0,4.0,7.0
1975467.7,6829459.3,5.0,9.0,22.0
1975539.4,6829389.7,9.0,15.0,27.0
1975611.1,6829320.0,2.0,13.0,21.0
1975682.9,6829250.3,7.0,13.0,32.0
1975754.6,6829180.6,7.0,15.0,28.0
1975826.3,6829110.9,2.0,7.0,10.0
1975898.0,6829041.2,2.0,3.0,11.0
1982997.8,6822141.7,0.0,0.0,1.0
1962270.1,6842424.0,0.0,4.0,11.0
1963274.1,6841448.3,2.0,2.0,4.0
1963345.8,6841378.6,1.0,1.0,3.0
1966071.0,6838730.4,0.0,4.0,4.0
1967648.7,6837197.1,2.0,2.0,4.0
1971951.7,6833015.6,1.0,3.0,5.0
1972023.4,6832946.0,1.0,3.0,6.0
1975537.4,6829531.1,1.0,2.0,6.0
1975609.1,6829461.4,4.0,8.0,17.0
1975680.8,6829391.7,0.0,2.0,4.0
1975752.6,6829322.0,5.0,5.0,20.0
1975824.3,6829252.3,0.0,2.0,8.0
1975896.0,6829182.6,1.0,5.0,17.0
1975967.7,6829112.9,2.0,7.0,12.0
1961622.6,6843192.7,0.0,2.0,4.0
1966571.0,6838383.9,1.0,0.0,1.0
1966642.7,6838314.2,0.0,2.0,2.0
1966714.4,6838244.5,0.0,1.0,2.0
1966786.1,6838174.9,2.0,2.0,3.0
1966857.8,6838105.2,0.0,1.0,1.0
1966929.6,6838035.5,0.0,3.0,3.0
1967001.3,6837965.8,2.0,0.0,2.0
1968005.3,6836990.1,1.0,4.0,5.0
1972093.1,6833017.7,0.0,3.0,4.0
1972164.8,6832948.0,27.0,0.0,47.0
1975822.2,6829393.7,4.0,14.0,21.0
1975894.0,6829324.0,0.0,8.0,12.0
1975965.7,6829254.3,2.0,15.0,24.0
1976037.4,6829184.6,1.0,4.0,7.0
1976109.1,6829114.9,0.0,1.0,1.0
1976180.8,6829045.2,1.0,3.0,6.0
1976682.8,6828557.4,0.0,2.0,4.0
1983280.6,6822145.8,2.0,0.0,2.0
1961979.2,6842985.6,1.0,2.0,4.0
1962050.9,6842915.9,2.0,3.0,4.0
1962122.6,6842846.2,0.0,1.0,4.0
1962194.3,6842776.5,0.0,2.0,5.0
1965780.1,6839291.9,1.0,0.0,2.0
1966784.1,6838316.3,1.0,0.0,2.0
1967142.7,6837967.8,0.0,2.0,6.0
1968003.3,6837131.5,0.0,1.0,2.0
1968218.4,6836922.4,0.0,2.0,2.0
1968361.8,6836783.0,0.0,0.0,1.0
1968577.0,6836574.0,0.0,1.0,2.0
1972306.2,6832950.0,1.0,0.0,1.0
1974457.6,6830859.2,0.0,1.0,1.0
1975820.2,6829535.1,0.0,1.0,3.0
1975891.9,6829465.4,1.0,7.0,14.0
1975963.7,6829395.7,12.0,14.0,37.0
1976035.4,6829326.0,19.0,30.0,76.0
1976107.1,6829256.3,0.0,2.0,4.0
1976178.8,6829186.6,5.0,11.0,22.0
1976250.5,6829117.0,0.0,4.0,9.0
1983135.2,6822426.6,0.0,0.0,2.0
1983422.0,6822147.8,0.0,2.0,2.0
1985932.1,6819708.6,1.0,1.0,1.0
1962264.0,6842848.2,0.0,1.0,2.0
1962407.5,6842708.9,1.0,1.0,2.0
1965849.8,6839363.7,2.0,1.0,3.0
1968001.2,6837272.9,0.0,2.0,2.0
1972375.9,6833021.7,0.0,2.0,2.0
1974168.8,6831279.4,0.0,2.0,3.0
1974455.6,6831000.7,1.0,3.0,3.0
1974527.3,6830931.0,0.0,1.0,1.0
1975889.9,6829606.8,0.0,12.0,23.0
1975961.6,6829537.1,1.0,8.0,16.0
1976033.3,6829467.4,2.0,0.0,5.0
1976607.1,6828909.9,0.0,2.0,3.0
1983348.3,6822358.9,0.0,0.0,2.0
1983850.3,6821871.0,1.0,2.0,3.0
1961616.6,6843616.9,1.0,1.0,4.0
1962477.1,6842780.6,0.0,2.0,4.0
1962764.0,6842501.8,0.0,2.0,4.0
1962907.4,6842362.4,0.0,0.0,1.0
1967425.5,6837971.8,4.0,2.0,4.0
1968070.9,6837344.6,0.0,3.0,4.0
1969003.2,6836438.6,0.0,2.0,4.0
1972373.8,6833163.1,1.0,1.0,2.0
1975959.6,6829678.5,1.0,4.0,9.0
1976031.3,6829608.8,11.0,19.0,46.0
1976103.0,6829539.2,1.0,13.0,22.0
1976174.8,6829469.5,1.0,7.0,10.0
1976461.6,6829190.7,0.0,2.0,2.0
1976533.3,6829121.0,0.0,3.0,4.0
1976676.8,6828981.6,1.0,2.0,4.0
1976820.2,6828842.2,1.0,0.0,3.0
1962762.0,6842643.2,1.0,0.0,1.0
1963622.6,6841806.9,1.0,3.0,3.0
1963837.7,6841597.8,0.0,3.0,3.0
1966347.7,6839158.6,0.0,1.0,2.0
1968068.9,6837486.0,0.0,2.0,3.0
1968212.3,6837346.6,1.0,2.0,4.0
1968857.8,6836719.4,0.0,1.0,1.0
1972587.0,6833095.5,0.0,4.0,7.0
1974021.3,6831701.6,2.0,0.0,2.0
1974164.7,6831562.2,0.0,1.0,1.0
1976029.3,6829750.3,1.0,4.0,6.0
1976101.0,6829680.6,4.0,35.0,53.0
1976172.7,6829610.9,5.0,6.0,16.0
1976244.4,6829541.2,3.0,6.0,18.0
1976387.9,6829401.8,1.0,2.0,4.0
1962831.7,6842714.9,0.0,3.0,4.0
1963190.3,6842366.5,1.0,2.0,2.0
1963764.0,6841808.9,0.0,0.0,1.0
1963835.7,6841739.2,1.0,0.0,2.0
1965198.3,6840415.1,0.0,2.0,4.0
1966058.9,6839578.8,0.0,3.0,7.0
1966632.6,6839021.3,0.0,1.0,1.0
1968138.6,6837557.7,0.0,2.0,2.0
1972728.4,6833097.5,0.0,2.0,3.0
1974736.4,6831146.1,0.0,1.0,1.0
1974808.1,6831076.4,0.0,1.0,2.0
1976027.3,6829891.7,0.0,2.0,4.0
1976099.0,6829822.0,1.0,3.0,5.0
1976170.7,6829752.3,1.0,12.0,18.0
1976242.4,6829682.6,3.0,10.0,18.0
1976314.1,6829612.9,5.0,17.0,24.0
1976385.9,6829543.2,2.0,3.0,7.0
1976457.6,6829473.5,2.0,4.0,8.0
1976529.3,6829403.8,1.0,2.0,3.0
1978609.0,6827382.8,0.0,0.0,2.0
1978824.2,6827173.7,0.0,2.0,4.0
1978895.9,6827104.0,0.0,1.0,2.0
1981692.8,6824386.0,1.0,0.0,4.0
1981836.2,6824246.6,1.0,0.0,2.0
1962973.1,6842717.0,0.0,1.0,2.0
1963833.7,6841880.7,2.0,0.0,4.0
1963905.4,6841811.0,0.0,2.0,2.0
1966200.3,6839580.8,0.0,0.0,1.0
1966272.0,6839511.1,0.0,2.0,4.0
1966845.7,6838953.6,1.0,0.0,1.0
1967562.9,6838256.7,0.0,1.0,2.0
1967993.1,6837838.5,0.0,0.0,1.0
1968351.7,6837490.1,0.0,2.0,2.0
1968638.6,6837211.3,0.0,2.0,4.0
1972941.5,6833029.8,1.0,2.0,5.0
1974877.8,6831148.1,0.0,2.0,3.0
1976097.0,6829963.4,0.0,1.0,2.0
1976168.7,6829893.7,1.0,0.0,1.0
1976240.4,6829824.0,6.0,14.0,28.0
1976383.8,6829684.6,1.0,1.0,2.0
1976455.5,6829614.9,0.0,2.0,3.0
1976742.4,6829336.1,0.0,3.0,3.0
1977101.0,6828987.7,0.0,2.0,2.0
1981905.9,6824318.3,2.0,7.0,14.0
1981977.6,6824248.7,0.0,2.0,4.0
1982121.0,6824109.3,0.0,1.0,2.0
1963831.6,6842022.1,1.0,3.0,5.0
1966413.4,6839513.2,0.0,2.0,2.0
1966485.1,6839443.5,0.0,4.0,4.0
1966700.3,6839234.4,0.0,2.0,5.0
1966772.0,6839164.7,1.0,0.0,1.0
1967058.8,6838885.9,0.0,1.0,2.0
1967130.5,6838816.2,3.0,1.0,3.0
1967202.3,6838746.5,0.0,2.0,3.0
1967345.7,6838607.2,0.0,2.0,2.0
1967417.4,6838537.5,2.0,0.0,2.0
1967489.1,6838467.8,1.0,2.0,5.0
1967704.3,6838258.7,0.0,2.0,3.0
1968062.8,6837910.2,0.0,1.0,1.0
1968206.3,6837770.9,0.0,0.0,1.0
1969855.7,6836168.0,1.0,2.0,2.0
1975019.2,6831150.2,0.0,1.0,1.0
1976955.5,6829268.5,1.0,0.0,2.0
1981832.2,6824529.4,5.0,3.0,10.0
1982190.7,6824181.0,1.0,0.0,2.0
1982262.5,6824111.3,2.0,1.0,6.0
1982334.2,6824041.6,1.0,0.0,2.0
1963614.5,6842372.5,4.0,3.0,5.0
1963757.9,6842233.2,0.0,1.0,2.0
1963901.3,6842093.8,0.0,2.0,2.0
1965981.1,6840072.7,1.0,0.0,1.0
1966339.7,6839724.3,3.0,2.0,10.0
1967558.8,6838539.5,0.0,2.0,2.0
1967774.0,6838330.4,0.0,0.0,2.0
1967917.4,6838191.0,0.0,2.0,3.0
1968204.2,6837912.3,0.0,2.0,2.0
1968276.0,6837842.6,0.0,2.0,8.0
1968347.7,6837772.9,1.0,5.0,10.0
1968562.8,6837563.8,0.0,1.0,1.0
1968634.5,6837494.1,0.0,2.0,4.0
1968849.7,6837285.0,0.0,2.0,3.0
1968921.4,6837215.4,1.0,2.0,4.0
1970570.8,6835612.4,2.0,2.0,5.0
1973080.9,6833173.2,0.0,0.0,2.0
1975160.6,6831152.2,0.0,1.0,1.0
1976308.1,6830037.1,0.0,1.0,1.0
1977670.7,6828713.0,1.0,2.0,2.0
1981758.4,6824740.5,0.0,0.0,2.0
1982045.3,6824461.8,0.0,1.0,2.0
1982188.7,6824322.4,0.0,1.0,1.0
1982260.4,6824252.7,0.0,1.0,2.0
1982332.1,6824183.0,0.0,1.0,2.0
1982475.6,6824043.6,1.0,0.0,2.0
1963755.9,6842374.6,0.0,4.0,4.0
1963899.3,6842235.2,0.0,0.0,2.0
1963971.0,6842165.5,0.0,0.0,2.0
1964257.9,6841886.7,1.0,2.0,3.0
1964544.7,6841608.0,0.0,1.0,1.0
1966552.8,6839656.6,0.0,2.0,4.0
1968130.5,6838123.4,1.0,3.0,4.0
1968345.7,6837914.3,1.0,5.0,5.0
1968632.5,6837635.5,2.0,0.0,2.0
1968704.2,6837565.8,1.0,1.0,7.0
1968775.9,6837496.1,1.0,0.0,2.0
1968919.4,6837356.8,0.0,2.0,2.0
1968991.1,6837287.1,2.0,3.0,7.0
1969134.5,6837147.7,0.0,2.0,4.0
1970712.3,6835614.5,2.0,2.0,5.0
1975158.6,6831293.6,3.0,6.0,13.0
1975302.0,6831154.2,0.0,2.0,5.0
1976377.8,6830108.8,0.0,1.0,2.0
1976879.8,6829621.0,0.0,2.0,2.0
1982043.3,6824603.2,1.0,1.0,1.0
1982258.4,6824394.1,1.0,1.0,2.0
1982473.6,6824185.0,2.0,1.0,4.0
1982617.0,6824045.7,0.0,1.0,1.0
1964542.7,6841749.4,0.0,2.0,2.0
1965331.6,6840982.8,0.0,2.0,2.0
1969060.8,6837358.8,0.0,2.0,2.0
1969132.5,6837289.1,0.0,1.0,2.0
1969347.6,6837080.0,2.0,0.0,2.0
1973507.1,6833037.9,2.0,2.0,2.0
1973578.8,6832968.2,0.0,2.0,2.0
1973650.6,6832898.5,0.0,2.0,5.0
1982328.1,6824465.8,0.0,0.0,1.0
1982758.4,6824047.7,0.0,1.0,1.0
1964540.7,6841890.8,0.0,0.0,1.0
1964612.4,6841821.1,0.0,2.0,2.0
1969130.5,6837430.5,1.0,2.0,5.0
1969560.8,6837012.4,1.0,4.0,4.0
1971783.9,6834851.9,0.0,2.0,5.0
1971999.1,6834642.8,2.0,5.0,8.0
1972214.2,6834433.8,1.0,0.0,1.0
1973576.8,6833109.6,1.0,0.0,2.0
1973720.2,6832970.2,0.0,2.0,4.0
1976373.7,6830391.6,0.0,3.0,3.0
1976445.4,6830322.0,2.0,2.0,3.0
1976947.4,6829834.1,0.0,2.0,3.0
1981824.1,6825095.1,2.0,3.0,5.0
1981895.8,6825025.4,0.0,2.0,2.0
1981967.5,6824955.7,0.0,1.0,1.0
1982039.2,6824886.0,2.0,1.0,2.0
1982182.6,6824746.6,0.0,1.0,1.0
1982756.4,6824189.1,0.0,2.0,2.0
1982828.1,6824119.4,0.0,4.0,6.0
1983186.7,6823770.9,0.0,3.0,3.0
1964682.1,6841892.8,1.0,4.0,5.0
1966833.6,6839802.0,0.0,2.0,2.0
1966977.0,6839662.7,0.0,0.0,2.0
1969415.3,6837293.1,0.0,3.0,6.0
1970706.2,6836038.7,0.0,2.0,2.0
1971925.3,6834853.9,1.0,3.0,4.0
1972068.8,6834714.5,0.0,2.0,2.0
1972212.2,6834575.2,2.0,5.0,7.0
1972499.1,6834296.4,0.0,1.0,4.0
1972570.8,6834226.7,0.0,2.0,3.0
1973789.9,6833041.9,1.0,3.0,4.0
1973933.4,6832902.6,0.0,1.0,1.0
1976873.7,6830045.2,3.0,4.0,5.0
1979527.2,6827466.6,0.0,2.0,3.0
1979742.3,6827257.5,1.0,1.0,4.0
1982395.8,6824678.9,0.0,1.0,2.0
1982969.5,6824121.4,0.0,0.0,2.0
1983328.1,6823773.0,0.0,2.0,2.0
1967046.7,6839734.4,4.0,2.0,13.0
1969843.6,6837016.4,0.0,0.0,1.0
1970202.2,6836667.9,1.0,2.0,5.0
1970704.2,6836180.1,0.0,2.0,2.0
1970847.6,6836040.7,0.0,2.0,3.0
1972210.2,6834716.6,1.0,1.0,2.0
1972281.9,6834646.9,0.0,2.0,2.0
1972568.8,6834368.1,3.0,2.0,4.0
1972640.5,6834298.4,1.0,4.0,7.0
1974003.1,6832974.3,0.0,2.0,4.0
1975939.4,6831092.6,1.0,2.0,4.0
1976943.4,6830116.9,2.0,0.0,2.0
1983254.3,6823984.1,2.0,0.0,3.0
1983469.5,6823775.0,1.0,2.0,2.0
1965108.4,6841757.5,1.0,2.0,2.0
1965251.8,6841618.1,0.0,2.0,4.0
1969985.0,6837018.4,1.0,1.0,1.0
1970056.7,6836948.7,0.0,2.0,4.0
1970702.1,6836321.5,0.0,2.0,3.0
1970845.6,6836182.1,0.0,0.0,1.0
1972710.2,6834370.1,0.0,2.0,4.0
1973140.5,6833952.0,0.0,2.0,2.0
1974144.5,6832976.3,0.0,3.0,3.0
1974287.9,6832836.9,1.0,2.0,6.0
1983897.7,6823498.2,2.0,0.0,2.0
1965034.6,6841968.6,1.0,0.0,2.0
1965178.0,6841829.2,0.0,2.0,2.0
1965393.2,6841620.1,3.0,1.0,3.0
1965536.6,6841480.7,0.0,2.0,2.0
1971130.4,6836044.8,1.0,4.0,8.0
1971202.1,6835975.1,1.0,2.0,3.0
1971345.6,6835835.7,0.0,2.0,4.0
1971417.3,6835766.0,1.0,2.0,2.0
1973281.9,6833954.0,0.0,2.0,4.0
1973999.0,6833257.1,0.0,3.0,6.0
1974070.7,6833187.4,0.0,1.0,1.0
1980094.8,6827333.3,0.0,2.0,2.0
1983465.4,6824057.8,1.0,1.0,2.0
1965534.6,6841622.1,0.0,1.0,2.0
1965678.0,6841482.7,0.0,2.0,5.0
1966036.6,6841134.3,1.0,0.0,1.0
1973208.1,6834165.1,0.0,2.0,3.0
1974499.0,6832910.7,1.0,2.0,3.0
1974570.7,6832841.0,1.0,0.0,1.0
1975861.6,6831586.5,2.0,2.0,6.0
1977439.3,6830053.3,0.0,3.0,3.0
1978801.9,6828729.2,0.0,2.0,2.0
1966034.6,6841275.7,2.0,0.0,2.0
1966178.0,6841136.3,1.0,0.0,1.0
1970337.5,6837094.2,0.0,1.0,1.0
1971341.5,6836118.5,1.0,2.0,2.0
1971413.2,6836048.8,0.0,2.0,2.0
1971556.7,6835909.4,0.0,3.0,3.0
1974066.7,6833470.2,0.0,2.0,4.0
1974210.1,6833330.8,0.0,2.0,2.0
1975931.3,6831658.2,0.0,1.0,1.0
1977078.7,6830543.2,1.0,4.0,4.0
1977509.0,6830125.0,0.0,2.0,2.0
1978728.2,6828940.3,0.0,1.0,1.0
1982529.1,6825246.6,0.0,2.0,4.0
1984035.1,6823783.1,0.0,2.0,4.0
1967897.2,6839605.1,0.0,2.0,2.0
1970622.3,6836956.8,1.0,2.0,4.0
1970980.9,6836608.4,1.0,2.0,4.0
1971052.6,6836538.7,1.0,3.0,3.0
1971626.3,6835981.1,0.0,3.0,5.0
1973634.4,6834029.8,2.0,4.0,6.0
1976144.4,6831590.6,0.0,2.0,2.0
1966460.8,6841140.3,0.0,2.0,3.0
1967608.3,6840025.3,0.0,2.0,3.0
1971337.5,6836401.3,2.0,4.0,5.0
1971552.6,6836192.2,0.0,1.0,1.0
1972269.8,6835495.3,1.0,1.0,1.0
1973560.6,6834240.9,0.0,2.0,3.0
1974421.2,6833404.6,1.0,1.0,1.0
1974492.9,6833334.9,0.0,0.0,2.0
1977648.4,6830268.4,0.0,1.0,2.0
1978652.4,6829292.8,1.0,0.0,2.0
1978795.8,6829153.4,1.0,3.0,4.0
1971837.4,6836054.9,1.0,1.0,2.0
1972482.9,6835427.7,0.0,1.0,1.0
1974562.6,6833406.6,3.0,2.0,5.0
1974634.3,6833336.9,0.0,2.0,2.0
1978793.8,6829294.8,1.0,0.0,2.0
1979152.4,6828946.3,0.0,1.0,1.0
1982738.2,6825461.7,2.0,0.0,2.0
1967317.4,6840586.9,0.0,1.0,2.0
1971907.1,6836126.6,1.0,1.0,4.0
1972552.6,6835499.4,2.0,1.0,3.0
1972839.4,6835220.6,1.0,0.0,2.0
1974704.0,6833408.6,0.0,2.0,3.0
1976568.6,6831596.6,2.0,3.0,7.0
1976712.1,6831457.3,1.0,1.0,1.0
1976927.2,6831248.2,1.0,1.0,1.0
1982162.4,6826160.7,0.0,0.0,2.0
1982664.4,6825672.8,0.0,3.0,3.0
1982736.1,6825603.2,1.0,3.0,7.0
1966167.9,6841843.3,0.0,2.0,4.0
1971403.1,6836755.8,0.0,0.0,2.0
1972478.8,6835710.5,1.0,2.0,5.0
1972622.3,6835571.1,1.0,5.0,6.0
1972694.0,6835501.4,0.0,2.0,3.0
1972980.8,6835222.6,0.0,1.0,1.0
1973554.6,6834665.1,1.0,0.0,2.0
1973984.8,6834246.9,0.0,2.0,4.0
1974773.7,6833480.3,0.0,2.0,2.0
1976208.0,6832086.5,2.0,2.0,5.0
1976279.7,6832016.8,1.0,2.0,3.0
1976494.9,6831807.7,0.0,2.0,2.0
1976925.2,6831389.6,1.0,1.0,2.0
1980008.9,6828392.8,1.0,3.0,3.0
1982590.7,6825883.9,2.0,1.0,3.0
1985029.0,6823514.4,0.0,0.0,2.0
1972763.7,6835573.1,0.0,4.0,5.0
1973050.5,6835294.3,0.0,3.0,5.0
1973122.2,6835224.7,0.0,1.0,2.0
1973194.0,6835155.0,0.0,2.0,2.0
1973480.8,6834876.2,1.0,2.0,4.0
1976134.3,6832297.6,1.0,2.0,3.0
1976421.1,6832018.8,1.0,0.0,1.0
1976492.9,6831949.1,0.0,2.0,2.0
1976708.0,6831740.1,0.0,3.0,4.0
1977066.6,6831391.6,1.0,0.0,1.0
1978500.9,6829997.8,0.0,2.0,4.0
1978572.6,6829928.1,1.0,3.0,3.0
1978644.3,6829858.4,2.0,0.0,3.0
1982230.1,6826373.8,0.0,2.0,4.0
1966522.4,6841777.7,0.0,2.0,2.0
1972976.8,6835505.4,0.0,2.0,4.0
1973048.5,6835435.7,0.0,3.0,5.0
1973120.2,6835366.1,1.0,4.0,6.0
1974913.1,6833623.8,0.0,2.0,2.0
1974984.8,6833554.1,0.0,2.0,2.0
1976132.3,6832439.0,2.0,3.0,4.0
1976204.0,6832369.3,2.0,0.0,2.0
1976849.4,6831742.1,1.0,5.0,5.0
1978785.7,6829860.4,1.0,1.0,2.0
1979287.7,6829372.6,0.0,2.0,2.0
1981869.5,6826863.7,0.0,0.0,1.0
1972185.9,6836413.5,0.0,0.0,2.0
1972401.0,6836204.4,2.0,1.0,2.0
1972472.8,6836134.7,2.0,0.0,2.0
1972544.5,6836065.0,0.0,1.0,1.0
1972687.9,6835925.6,0.0,6.0,10.0
1972759.6,6835855.9,0.0,2.0,5.0
1972831.3,6835786.2,0.0,1.0,1.0
1973046.5,6835577.2,0.0,4.0,4.0
1973978.8,6834671.2,1.0,2.0,4.0
1974409.1,6834253.0,0.0,2.0,4.0
1974624.2,6834043.9,0.0,2.0,2.0
1974911.1,6833765.2,0.0,2.0,2.0
1975126.2,6833556.1,1.0,2.0,2.0
1976775.7,6831953.2,0.0,1.0,2.0
1977492.8,6831256.3,1.0,2.0,2.0
1977779.7,6830977.5,1.0,0.0,2.0
1977851.4,6830907.8,5.0,2.0,9.0
1977994.8,6830768.4,0.0,2.0,5.0
1978066.5,6830698.7,0.0,2.0,4.0
1978783.7,6830001.8,0.0,0.0,1.0
1979859.4,6828956.4,0.0,1.0,1.0
1980433.1,6828398.9,0.0,5.0,10.0
1982943.2,6825959.7,0.0,1.0,1.0
1971610.2,6837112.4,0.0,0.0,2.0
1971681.9,6837042.7,0.0,1.0,2.0
1972327.3,6836415.5,0.0,2.0,4.0
1972399.0,6836345.8,0.0,0.0,2.0
1972542.5,6836206.4,1.0,2.0,3.0
1972685.9,6836067.0,0.0,0.0,2.0
1972829.3,6835927.6,1.0,4.0,6.0
1972901.0,6835857.9,1.0,2.0,5.0
1973116.2,6835648.9,3.0,6.0,14.0
1974837.3,6833976.3,1.0,0.0,2.0
1978925.1,6830003.8,1.0,4.0,5.0
1966659.8,6842062.5,1.0,1.0,2.0
1972468.7,6836417.5,0.0,0.0,1.0
1972899.0,6835999.4,2.0,2.0,4.0
1972970.7,6835929.7,0.0,0.0,2.0
1973042.4,6835860.0,1.0,2.0,6.0
1973114.1,6835790.3,0.0,4.0,6.0
1979138.2,6829936.2,0.0,2.0,2.0
1979353.4,6829727.1,0.0,2.0,2.0
1979998.8,6829099.9,2.0,2.0,8.0
1982293.7,6826869.7,0.0,1.0,1.0
1982867.4,6826312.2,0.0,5.0,9.0
1982939.1,6826242.5,1.0,5.0,9.0
1983010.8,6826172.8,0.0,0.0,4.0
1983082.6,6826103.1,1.0,0.0,1.0
1983154.3,6826033.4,0.0,2.0,5.0
1972968.7,6836071.1,1.0,1.0,2.0
1973040.4,6836001.4,0.0,2.0,2.0
1973112.1,6835931.7,0.0,2.0,7.0
1973183.8,6835862.0,1.0,1.0,3.0
1973255.6,6835792.3,2.0,6.0,10.0
1973327.3,6835722.6,1.0,2.0,3.0
1973757.6,6835304.5,0.0,1.0,2.0
1976411.0,6832725.9,1.0,0.0,2.0
1976482.7,6832656.2,0.0,2.0,4.0
1978275.6,6830913.9,1.0,3.0,3.0
1978347.3,6830844.2,0.0,2.0,5.0
1978419.1,6830774.5,0.0,2.0,2.0
1979494.8,6829729.1,1.0,1.0,2.0
1979566.5,6829659.4,0.0,2.0,3.0
1979781.6,6829450.4,1.0,4.0,4.0
1982865.4,6826453.6,1.0,2.0,6.0
1982937.1,6826383.9,0.0,1.0,2.0
1973325.2,6835864.0,0.0,0.0,2.0
1974759.6,6834470.2,0.0,0.0,2.0
1976480.7,6832797.6,1.0,2.0,2.0
1977484.7,6831821.9,3.0,2.0,4.0
1978417.0,6830915.9,1.0,0.0,1.0
1978488.7,6830846.2,2.0,3.0,4.0
1978560.5,6830776.5,0.0,2.0,2.0
1981500.8,6827919.2,0.0,1.0,1.0
1981644.2,6827779.8,0.0,2.0,2.0
1982719.9,6826734.4,0.0,2.0,2.0
1982791.7,6826664.7,0.0,1.0,1.0
1982863.4,6826595.0,0.0,1.0,2.0
1983006.8,6826455.6,0.0,1.0,3.0
1983795.7,6825689.0,0.0,2.0,2.0
1974542.4,6834820.7,0.0,1.0,1.0
1974901.0,6834472.2,0.0,2.0,4.0
1976478.7,6832939.0,0.0,3.0,6.0
1977841.3,6831614.8,1.0,2.0,5.0
1978845.3,6830639.2,0.0,1.0,1.0
1981929.0,6827642.4,4.0,4.0,8.0
1983650.2,6825969.8,1.0,3.0,5.0
1983721.9,6825900.1,0.0,2.0,4.0
1983865.4,6825760.7,1.0,0.0,2.0
1973966.6,6835519.6,0.0,2.0,2.0
1975185.8,6834334.8,2.0,0.0,2.0
1978843.3,6830780.6,3.0,7.0,18.0
1979990.7,6829665.5,0.0,3.0,3.0
1981711.9,6827992.9,0.0,0.0,2.0
1981927.0,6827783.8,0.0,2.0,2.0
1983146.2,6826599.1,0.0,1.0,2.0
1976116.1,6833570.3,0.0,2.0,2.0
1978984.7,6830782.6,0.0,2.0,2.0
1979056.4,6830712.9,0.0,2.0,2.0
1973604.0,6836150.9,0.0,1.0,2.0
1979126.1,6830784.6,0.0,1.0,1.0
1981062.4,6828902.9,0.0,3.0,4.0
1981134.1,6828833.3,1.0,1.0,3.0
1981349.3,6828624.2,2.0,1.0,4.0
1981492.7,6828484.8,0.0,0.0,2.0
1983285.6,6826742.5,1.0,0.0,1.0
1984002.7,6826045.6,1.0,1.0,2.0
1973673.7,6836222.6,0.0,2.0,5.0
1973888.9,6836013.5,0.0,0.0,1.0
1977976.6,6832041.1,0.0,2.0,2.0
1979339.2,6830717.0,1.0,3.0,3.0
1979410.9,6830647.3,2.0,2.0,5.0
1980128.1,6829950.3,6.0,7.0,11.0
1981132.1,6828974.7,0.0,0.0,2.0
1981347.2,6828765.6,0.0,0.0,2.0
1981992.7,6828138.4,0.0,2.0,2.0
1983140.1,6827023.3,1.0,0.0,1.0
1973743.4,6836294.3,2.0,7.0,12.0
1974245.4,6835806.5,0.0,2.0,4.0
1976827.2,6833297.6,0.0,2.0,6.0
1978189.7,6831973.4,0.0,1.0,1.0
1979408.9,6830788.7,0.0,2.0,3.0
1980197.8,6830022.1,1.0,4.0,4.0
1981632.1,6828628.2,0.0,2.0,2.0
1983138.1,6827164.7,1.0,3.0,4.0
1977327.1,6832951.1,0.0,2.0,2.0
1984426.9,6826051.7,0.0,2.0,4.0
1984498.7,6825982.0,0.0,0.0,2.0
1972520.2,6837761.9,0.0,5.0,7.0
1974313.1,6836019.6,0.0,2.0,2.0
1980193.7,6830304.9,1.0,2.0,3.0
1980337.2,6830165.5,0.0,3.0,3.0
1980408.9,6830095.8,0.0,2.0,4.0
1983277.5,6827308.1,1.0,0.0,2.0
1971083.9,6839297.1,0.0,2.0,5.0
1972876.7,6837554.8,0.0,0.0,1.0
1972948.5,6837485.1,0.0,2.0,3.0
1974741.3,6835742.8,0.0,1.0,1.0
1978255.4,6832328.0,2.0,2.0,4.0
1979044.3,6831561.3,0.0,0.0,4.0
1983275.5,6827449.5,2.0,2.0,5.0
1971512.1,6839020.4,1.0,0.0,2.0
1973018.2,6837556.9,2.0,2.0,6.0
1973089.9,6837487.2,0.0,1.0,2.0
1980333.1,6830448.3,2.0,4.0,4.0
1980404.8,6830378.6,9.0,8.0,22.0
1980476.5,6830308.9,13.0,0.0,25.0
1980548.2,6830239.2,0.0,3.0,5.0
1980620.0,6830169.5,0.0,0.0,2.0
1981767.4,6829054.5,0.0,2.0,2.0
1973159.6,6837558.9,1.0,3.0,7.0
1978107.9,6832750.2,0.0,1.0,2.0
1978179.6,6832680.5,0.0,1.0,6.0
1978466.5,6832401.7,1.0,2.0,4.0
1980474.5,6830450.3,0.0,2.0,2.0
1980546.2,6830380.6,4.0,7.0,11.0
1980617.9,6830310.9,2.0,9.0,17.0
1980689.7,6830241.3,1.0,7.0,13.0
1974950.4,6835958.0,0.0,1.0,1.0
1978679.6,6832334.0,0.0,1.0,4.0
1979109.9,6831915.9,1.0,2.0,6.0
1979253.3,6831776.5,0.0,0.0,2.0
1980329.1,6830731.1,0.0,2.0,2.0
1980615.9,6830452.3,5.0,9.0,14.0
1980687.6,6830382.7,2.0,5.0,10.0
1980831.1,6830243.3,0.0,1.0,4.0
1979323.0,6831848.2,0.0,2.0,5.0
1979394.7,6831778.5,2.0,1.0,2.0
1980183.6,6831011.9,1.0,1.0,2.0
1980685.6,6830524.1,1.0,1.0,2.0
1981976.5,6829269.6,0.0,2.0,2.0
1982048.2,6829199.9,0.0,0.0,1.0
1975376.7,6835822.7,2.0,4.0,4.0
1979823.0,6831501.8,0.0,2.0,2.0
1980109.9,6831223.0,0.0,2.0,2.0
1980181.6,6831153.3,1.0,3.0,6.0
1980325.0,6831013.9,2.0,2.0,3.0
1980396.7,6830944.2,1.0,0.0,2.0
1980468.4,6830874.5,4.0,1.0,4.0
1980540.2,6830804.9,0.0,0.0,1.0
1981759.3,6829620.1,0.0,1.0,2.0
1982046.2,6829341.3,1.0,0.0,1.0
1982189.6,6829201.9,0.0,2.0,4.0
1982333.0,6829062.6,0.0,0.0,1.0
1982404.8,6828992.9,1.0,2.0,2.0
1983050.2,6828365.6,0.0,1.0,2.0
1981111.9,6830388.7,1.0,0.0,1.0
1981183.6,6830319.0,1.0,2.0,2.0
1982187.6,6829343.4,0.0,3.0,4.0
1982833.0,6828716.1,1.0,3.0,4.0
1985629.9,6825998.2,1.0,2.0,3.0
1985845.1,6825789.1,0.0,2.0,4.0
1981038.1,6830599.8,1.0,5.0,6.0
1981109.8,6830530.1,1.0,2.0,3.0
1981181.5,6830460.4,3.0,4.0,9.0
1981253.3,6830390.8,0.0,6.0,8.0
1981325.0,6830321.1,4.0,2.0,5.0
1981683.6,6829972.6,0.0,1.0,1.0
1985771.3,6826000.2,0.0,2.0,2.0
1985986.5,6825791.1,0.0,0.0,1.0
1981394.7,6830392.8,2.0,0.0,2.0
1981753.2,6830044.3,3.0,1.0,5.0
1981751.2,6830185.7,2.0,0.0,2.0
1981822.9,6830116.0,2.0,5.0,13.0
1981894.6,6830046.3,3.0,7.0,16.0
1981966.4,6829976.6,2.0,0.0,3.0
1980099.7,6831930.0,1.0,0.0,1.0
1981820.9,6830257.4,0.0,1.0,2.0
1981892.6,6830187.7,4.0,7.0,14.0
1981964.3,6830118.1,6.0,5.0,12.0
1982036.1,6830048.4,3.0,6.0,13.0
1982107.8,6829978.7,1.0,1.0,2.0
1982466.3,6829630.2,1.0,2.0,3.0
1980026.0,6832141.1,0.0,2.0,3.0
1980241.2,6831932.1,0.0,4.0,4.0
1980528.0,6831653.3,0.0,0.0,1.0
1980743.2,6831444.2,1.0,0.0,2.0
1982034.0,6830189.8,1.0,3.0,6.0
1982105.7,6830120.1,1.0,7.0,15.0
1982177.5,6830050.4,0.0,4.0,6.0
1980812.9,6831515.9,1.0,4.0,5.0
1982175.4,6830191.8,0.0,1.0,2.0
1982247.2,6830122.1,1.0,3.0,3.0
1982318.9,6830052.4,1.0,1.0,4.0
1982677.4,6829704.0,1.0,0.0,1.0
1982749.2,6829634.3,0.0,2.0,4.0
1982890.6,6829636.3,0.0,3.0,3.0
1983034.0,6829496.9,0.0,1.0,1.0
1981095.7,6831520.0,1.0,2.0,2.0
1982095.6,6830827.1,0.0,1.0,1.0
1980659.3,6832362.4,1.0,0.0,2.0
1981663.3,6831386.7,0.0,3.0,5.0
1981878.5,6831177.6,0.0,1.0,1.0
1984173.3,6828947.5,4.0,9.0,18.0
1981804.7,6831388.7,0.0,0.0,1.0
1982091.6,6831109.9,1.0,2.0,5.0
1981731.0,6831599.8,1.0,1.0,2.0
1982161.3,6831181.6,0.0,2.0,7.0
1982519.9,6830833.2,3.0,2.0,6.0
1981585.5,6831880.6,0.0,2.0,2.0
1982733.0,6830765.5,2.0,1.0,9.0
1984956.1,6828605.1,0.0,1.0,2.0
1984810.7,6828885.9,0.0,0.0,2.0
1981653.2,6832093.7,2.0,2.0,4.0
1984880.4,6828957.6,2.0,4.0,9.0
1984952.1,6828887.9,4.0,3.0,6.0
1981794.6,6832095.7,0.0,2.0,3.0
1982153.2,6831747.3,2.0,0.0,2.0
1983228.9,6830701.9,3.0,4.0,5.0
1983659.2,6830283.7,0.0,2.0,4.0
1984950.1,6829029.3,0.0,2.0,2.0
1985021.8,6828959.6,2.0,1.0,5.0
1985093.5,6828889.9,0.0,3.0,3.0
1985523.8,6828471.8,0.0,2.0,4.0
1983728.9,6830355.5,0.0,2.0,2.0
1985019.8,6829101.0,1.0,0.0,2.0
1983296.6,6830915.0,0.0,1.0,1.0
1984587.5,6829660.6,3.0,4.0,10.0
1982862.2,6831616.0,0.0,2.0,2.0
1987308.6,6827295.1,0.0,2.0,3.0
1981856.2,6832733.1,0.0,1.0,2.0
1982071.3,6832524.0,1.0,0.0,3.0
1982143.1,6832454.3,0.0,1.0,1.0
1986374.3,6828342.5,0.0,1.0,1.0
1984792.5,6830158.5,1.0,0.0,1.0
1986585.4,6828416.2,0.0,1.0,1.0
1982065.3,6832948.2,1.0,2.0,3.0
1984862.2,6830230.2,0.0,1.0,1.0
1986655.1,6828487.9,1.0,3.0,4.0
1990671.1,6824585.2,0.0,1.0,2.0
1990742.8,6824515.5,0.0,1.0,2.0
1990814.5,6824445.8,0.0,2.0,5.0
1990886.2,6824376.1,0.0,6.0,8.0
1990958.0,6824306.4,0.0,1.0,2.0
1991029.7,6824236.8,1.0,0.0,1.0
1991101.4,6824167.1,1.0,0.0,2.0
1986653.0,6828629.4,0.0,1.0,1.0
1986796.5,6828490.0,1.0,1.0,1.0
1987585.3,6827723.4,0.0,2.0,5.0
1988374.2,6826956.8,0.0,1.0,2.0
1990812.5,6824587.2,0.0,2.0,2.0
1991099.4,6824308.5,0.0,2.0,2.0
1987941.9,6827516.3,1.0,0.0,2.0
1988013.6,6827446.6,1.0,1.0,2.0
1988157.0,6827307.2,0.0,1.0,2.0
1990810.5,6824728.6,0.0,3.0,7.0
1990882.2,6824659.0,3.0,5.0,11.0
1990953.9,6824589.3,2.0,8.0,19.0
1991025.6,6824519.6,0.0,1.0,4.0
1987653.0,6827936.5,1.0,1.0,2.0
1988011.6,6827588.0,0.0,2.0,4.0
1990234.7,6825427.6,0.0,1.0,2.0
1990449.9,6825218.5,0.0,0.0,2.0
1990665.0,6825009.4,0.0,1.0,2.0
1990808.5,6824870.1,13.0,6.0,32.0
1990951.9,6824730.7,6.0,7.0,17.0
1991023.6,6824661.0,4.0,12.0,25.0
1991095.3,6824591.3,1.0,0.0,4.0
1987077.2,6828635.4,1.0,2.0,2.0
1988224.7,6827520.4,0.0,1.0,1.0
1990304.4,6825499.3,2.0,5.0,5.0
1990376.1,6825429.6,0.0,2.0,5.0
1990447.9,6825359.9,1.0,7.0,8.0
1990519.6,6825290.2,0.0,3.0,5.0
1990806.4,6825011.5,1.0,1.0,5.0
1990878.2,6824941.8,2.0,3.0,7.0
1991093.3,6824732.7,1.0,2.0,5.0
1987505.5,6828358.7,0.0,2.0,5.0
1990517.6,6825431.6,1.0,0.0,3.0
1990589.3,6825361.9,0.0,1.0,3.0
1990661.0,6825292.3,0.0,3.0,7.0
1990947.8,6825013.5,0.0,1.0,4.0
1991163.0,6824804.4,0.0,2.0,4.0
1983272.3,6832611.9,0.0,1.0,1.0
1984348.0,6831566.5,2.0,2.0,6.0
1984491.5,6831427.1,3.0,2.0,3.0
1984921.7,6831009.0,1.0,0.0,1.0
1988077.2,6827942.6,0.0,2.0,2.0
1990443.8,6825642.7,1.0,2.0,3.0
1990515.5,6825573.0,0.0,3.0,5.0
1990587.2,6825503.3,5.0,3.0,9.0
1990659.0,6825433.7,3.0,10.0,15.0
1990730.7,6825364.0,2.0,4.0,11.0
1990945.8,6825154.9,0.0,5.0,8.0
1991017.5,6825085.2,0.0,2.0,2.0
1991089.3,6825015.5,5.0,6.0,14.0
1991161.0,6824945.8,0.0,4.0,14.0
1983342.0,6832683.6,0.0,2.0,2.0
1987573.2,6828571.8,0.0,0.0,1.0
1990226.6,6825993.2,1.0,2.0,2.0
1990441.8,6825784.1,0.0,2.0,2.0
1990513.5,6825714.4,0.0,6.0,9.0
1990585.2,6825644.8,1.0,6.0,8.0
1990656.9,6825575.1,1.0,1.0,5.0
1990728.7,6825505.4,1.0,6.0,11.0
1990800.4,6825435.7,1.0,3.0,5.0
1991015.5,6825226.6,3.0,8.0,15.0
1991087.2,6825156.9,2.0,10.0,12.0
1991158.9,6825087.2,0.0,2.0,4.0
1991230.7,6825017.5,3.0,4.0,13.0
1991302.4,6824947.8,2.0,0.0,2.0
1990009.5,6826343.7,1.0,1.0,5.0
1990511.5,6825855.9,6.0,6.0,17.0
1990583.2,6825786.2,0.0,0.0,2.0
1990798.3,6825577.1,0.0,1.0,3.0
1990870.1,6825507.4,2.0,1.0,3.0
1991085.2,6825298.3,3.0,9.0,13.0
1991156.9,6825228.6,1.0,0.0,2.0
1991228.6,6825158.9,2.0,3.0,6.0
1991372.1,6825019.6,0.0,2.0,4.0
1991730.6,6824671.1,2.0,0.0,2.0
1990581.2,6825927.6,0.0,0.0,3.0
1990652.9,6825857.9,0.0,0.0,1.0
1991298.3,6825230.7,1.0,2.0,2.0
1991656.9,6824882.2,0.0,0.0,1.0
1982188.5,6834222.9,0.0,2.0,3.0
1982403.6,6834013.8,0.0,1.0,1.0
1988067.1,6828649.6,1.0,0.0,1.0
1991007.4,6825792.2,5.0,7.0,15.0
1985268.2,6831509.0,0.0,0.0,1.0
1992224.6,6824748.9,2.0,2.0,4.0
1992654.8,6824330.7,0.0,2.0,2.0
1981752.1,6835065.3,0.0,2.0,3.0
1981823.8,6834995.6,1.0,5.0,8.0
1982182.4,6834647.1,0.0,3.0,5.0
1981750.1,6835206.7,0.0,2.0,2.0
1992720.5,6824685.3,1.0,0.0,1.0
1986407.5,6830959.5,0.0,1.0,1.0
1992861.9,6824687.3,0.0,0.0,2.0
1992933.6,6824617.6,1.0,0.0,1.0
1982389.5,6835003.7,4.0,6.0,8.0
1983967.2,6833470.5,0.0,1.0,1.0
1993648.7,6824062.1,1.0,0.0,1.0
1983893.4,6833681.6,2.0,2.0,4.0
1987909.5,6829778.8,0.0,0.0,2.0
1982528.8,6835147.1,0.0,1.0,2.0
1993429.5,6824554.0,1.0,0.0,2.0
1993573.0,6824414.6,0.0,2.0,2.0
1993788.1,6824205.5,0.0,0.0,1.0
1993931.6,6824066.1,1.0,1.0,2.0
1994290.1,6823717.7,1.0,1.0,2.0
1982383.4,6835427.9,0.0,2.0,2.0
1982598.5,6835218.8,0.0,2.0,2.0
1984104.5,6833755.3,0.0,3.0,3.0
1994359.8,6823789.4,0.0,0.0,1.0
1983166.2,6835085.5,0.0,2.0,2.0
1984170.2,6834109.8,1.0,0.0,2.0
1984241.9,6834040.1,0.0,1.0,3.0
1984385.3,6833900.7,2.0,1.0,4.0
1983881.3,6834530.0,0.0,2.0,2.0
1984168.2,6834251.2,0.0,2.0,4.0
1994423.4,6824285.3,0.0,0.0,2.0
1983449.0,6835089.6,0.0,2.0,7.0
1983592.4,6834950.2,3.0,4.0,6.0
1983664.1,6834880.5,2.0,2.0,2.0
1983735.9,6834810.8,1.0,2.0,3.0
1985170.2,6833417.0,0.0,2.0,7.0
1994564.9,6824287.3,1.0,0.0,1.0
1984664.1,6834187.6,0.0,3.0,6.0
1984807.5,6834048.2,0.0,4.0,4.0
1992194.2,6826870.0,0.0,0.0,2.0
1984662.1,6834329.0,0.0,2.0,2.0
1984805.5,6834189.6,0.0,1.0,2.0
1984946.9,6834191.7,0.0,2.0,3.0
1992190.2,6827152.8,0.0,0.0,2.0
1985160.0,6834124.0,0.0,2.0,3.0
1985231.8,6834054.3,2.0,2.0,3.0
1992188.1,6827294.2,2.0,1.0,2.0
1995773.9,6823809.6,0.0,2.0,2.0
1985444.9,6833986.6,0.0,1.0,1.0
1985660.0,6833777.6,1.0,0.0,2.0
1990678.1,6829040.5,0.0,0.0,1.0
1991036.6,6828692.1,1.0,4.0,6.0
1990962.9,6828903.2,1.0,2.0,2.0
1992110.3,6827788.1,0.0,1.0,3.0
1992108.3,6827929.5,0.0,0.0,2.0
1992323.5,6827720.5,1.0,3.0,6.0
1992395.2,6827650.8,0.0,2.0,3.0
1992178.0,6828001.2,1.0,2.0,4.0
1992176.0,6828142.6,1.0,2.0,5.0
1992462.9,6827863.9,2.0,0.0,3.0
1989879.1,6830514.2,0.0,0.0,1.0
1992245.7,6828214.4,0.0,2.0,3.0
1989733.6,6830795.0,0.0,2.0,4.0
1989877.1,6830655.6,1.0,0.0,1.0
1991167.9,6829401.1,1.0,2.0,2.0
1989731.6,6830936.4,1.0,1.0,2.0
1990018.5,6830657.6,0.0,2.0,2.0
1990305.3,6830378.9,1.0,0.0,1.0
1990377.0,6830309.2,0.0,3.0,3.0
1992456.8,6828288.1,0.0,2.0,4.0
1989514.4,6831286.9,0.0,0.0,1.0
1989873.0,6830938.4,1.0,2.0,4.0
1990088.2,6830729.3,2.0,0.0,7.0
1990159.9,6830659.6,2.0,0.0,3.0
1990303.3,6830520.3,0.0,1.0,1.0
1990375.0,6830450.6,0.0,2.0,2.0
1992311.3,6828568.9,0.0,4.0,7.0
1989655.8,6831288.9,0.0,2.0,2.0
1990301.3,6830661.7,2.0,1.0,3.0
1990084.1,6831012.1,4.0,5.0,9.0
1990155.8,6830942.5,4.0,6.0,9.0
1993526.4,6827666.9,0.0,0.0,3.0
1993885.0,6827318.5,1.0,0.0,1.0
1994028.4,6827179.1,2.0,2.0,5.0
1994100.2,6827109.4,0.0,3.0,3.0
1994315.3,6826900.3,0.0,0.0,2.0
1994458.7,6826761.0,0.0,1.0,1.0
1994745.6,6826482.2,1.0,3.0,6.0
1994960.7,6826273.1,0.0,0.0,1.0
1990153.8,6831083.9,2.0,3.0,5.0
1990225.5,6831014.2,1.0,0.0,1.0
1992377.0,6828923.4,0.0,1.0,2.0
1992448.7,6828853.7,1.0,0.0,1.0
1992520.4,6828784.0,0.0,2.0,3.0
1993954.7,6827390.2,1.0,2.0,2.0
1989649.8,6831713.1,0.0,2.0,6.0
1990223.5,6831155.6,0.0,3.0,4.0
1990295.2,6831085.9,0.0,3.0,3.0
1992231.5,6829204.2,0.0,2.0,4.0
1992303.2,6829134.5,0.0,1.0,1.0
1992374.9,6829064.8,0.0,0.0,2.0
1992446.7,6828995.1,1.0,0.0,1.0
1992590.1,6828855.8,0.0,2.0,4.0
1992661.8,6828786.1,1.0,0.0,2.0
1993020.4,6828437.6,0.0,1.0,1.0
1995171.8,6826346.9,0.0,0.0,1.0
1989719.5,6831784.8,0.0,2.0,2.0
1990293.2,6831227.3,0.0,1.0,2.0
1992731.5,6828857.8,0.0,5.0,8.0
1993520.4,6828091.2,1.0,0.0,1.0
1995958.7,6825721.7,0.0,1.0,1.0
1997034.4,6824676.3,0.0,0.0,1.0
1997321.3,6824397.5,1.0,0.0,1.0
1990004.3,6831647.5,1.0,2.0,3.0
1992227.5,6829487.0,1.0,2.0,6.0
1992299.2,6829417.3,0.0,1.0,1.0
1997175.8,6824678.3,0.0,1.0,1.0
1989930.6,6831858.6,0.0,2.0,5.0
1990074.0,6831719.2,1.0,2.0,4.0
1990647.7,6831161.6,0.0,3.0,3.0
1990719.4,6831092.0,2.0,0.0,2.0
1991078.0,6830743.5,0.0,2.0,3.0
1991293.1,6830534.4,1.0,1.0,3.0
1991364.9,6830464.7,0.0,2.0,2.0
1990358.8,6831581.8,0.0,2.0,3.0
1990717.4,6831233.4,0.0,0.0,2.0
1991004.3,6830954.6,21.0,4.0,35.0
1991076.0,6830884.9,3.0,7.0,9.0
1991147.7,6830815.2,4.0,2.0,5.0
1991219.4,6830745.5,7.0,6.0,16.0
1991291.1,6830675.8,6.0,8.0,24.0
1991362.8,6830606.1,11.0,18.0,48.0
1991434.6,6830536.4,2.0,1.0,6.0
1996884.9,6825239.9,1.0,1.0,3.0
1996956.6,6825170.2,1.0,0.0,1.0
1990141.7,6831932.3,1.0,3.0,3.0
1991002.2,6831096.0,1.0,2.0,6.0
1991074.0,6831026.3,3.0,0.0,5.0
1991145.7,6830956.6,3.0,4.0,11.0
1991217.4,6830886.9,0.0,0.0,2.0
1991289.1,6830817.2,10.0,7.0,19.0
1991360.8,6830747.5,3.0,3.0,7.0
1991432.5,6830677.9,3.0,5.0,12.0
1991504.2,6830608.2,4.0,16.0,30.0
1991576.0,6830538.5,0.0,4.0,6.0
1992580.0,6829562.8,1.0,2.0,2.0
1996596.0,6825660.1,1.0,2.0,2.0
1996739.5,6825520.7,0.0,1.0,2.0
1990785.1,6831446.5,2.0,0.0,2.0
1990856.8,6831376.8,1.0,3.0,4.0
1990928.5,6831307.1,2.0,4.0,7.0
1991000.2,6831237.4,1.0,0.0,1.0
1991071.9,6831167.7,3.0,1.0,6.0
1991143.6,6831098.0,1.0,2.0,4.0
1991215.4,6831028.3,9.0,4.0,17.0
1991287.1,6830958.6,0.0,1.0,2.0
1991358.8,6830889.0,3.0,7.0,16.0
1991430.5,6830819.3,6.0,7.0,25.0
1991502.2,6830749.6,2.0,6.0,11.0
1991573.9,6830679.9,4.0,8.0,23.0
1991645.7,6830610.2,1.0,6.0,10.0
1990281.0,6832075.7,0.0,2.0,3.0
1991069.9,6831309.1,0.0,0.0,1.0
1991213.3,6831169.7,0.0,1.0,6.0
1991285.1,6831100.1,11.0,0.0,13.0
1991356.8,6831030.4,0.0,1.0,2.0
1991428.5,6830960.7,3.0,4.0,14.0
1991500.2,6830891.0,6.0,8.0,17.0
1991571.9,6830821.3,7.0,14.0,25.0
1991643.6,6830751.6,6.0,5.0,13.0
1990924.5,6831589.9,0.0,0.0,1.0
1991354.7,6831171.8,1.0,3.0,6.0
1991498.2,6831032.4,1.0,0.0,1.0
1991569.9,6830962.7,0.0,4.0,8.0
1989129.6,6833473.6,0.0,0.0,2.0
1989416.4,6833194.8,0.0,2.0,2.0
1992858.7,6829849.6,0.0,1.0,3.0
1992930.5,6829780.0,0.0,1.0,2.0
1989268.9,6833617.0,0.0,0.0,2.0
1991420.4,6831526.3,1.0,3.0,3.0
1989625.5,6833410.0,1.0,2.0,2.0
1997442.4,6825813.6,0.0,0.0,1.0
1989336.6,6833830.2,0.0,2.0,2.0
1991416.3,6831809.1,0.0,1.0,1.0
1991631.5,6831600.0,0.0,1.0,3.0
1990553.7,6832786.8,1.0,2.0,3.0
1991629.5,6831741.4,0.0,1.0,2.0
1991701.2,6831671.7,0.0,2.0,3.0
1992920.3,6830487.0,0.0,0.0,1.0
1989402.2,6834184.7,0.0,0.0,2.0
1989474.0,6834115.0,0.0,1.0,4.0
1991984.0,6831675.8,1.0,2.0,6.0
1989758.8,6833977.6,0.0,2.0,3.0
1989973.9,6833768.6,0.0,2.0,3.0
1991264.8,6832514.1,1.0,2.0,2.0
1991910.3,6831886.9,1.0,1.0,3.0
1992125.4,6831677.8,1.0,1.0,4.0
1992197.1,6831608.1,0.0,2.0,4.0
1990689.1,6833213.1,2.0,0.0,2.0
1990760.8,6833143.4,2.0,2.0,3.0
1990832.5,6833073.7,1.0,2.0,2.0
1991119.4,6832794.9,0.0,2.0,3.0
1991908.2,6832028.3,2.0,3.0,5.0
1990830.5,6833215.1,3.0,2.0,6.0
1990902.2,6833145.4,0.0,1.0,2.0
1992049.6,6832030.3,0.0,1.0,1.0
1992121.4,6831960.6,1.0,4.0,4.0
1992408.2,6831681.9,0.0,0.0,2.0
1990900.2,6833286.8,1.0,4.0,5.0
1992549.6,6831683.9,0.0,4.0,4.0
1993481.9,6830777.9,0.0,1.0,1.0
1996278.8,6828059.9,0.0,0.0,2.0
1990467.9,6833846.4,2.0,0.0,2.0
1990754.7,6833567.6,1.0,3.0,4.0
1991256.7,6833079.7,0.0,2.0,2.0
1991543.6,6832801.0,0.0,3.0,3.0
1992475.9,6831895.0,1.0,0.0,1.0
1992691.0,6831685.9,0.0,2.0,4.0
1993479.9,6830919.3,0.0,0.0,1.0
1993838.5,6830570.8,1.0,3.0,3.0
1991254.7,6833221.2,0.0,0.0,1.0
1991326.4,6833151.5,1.0,4.0,6.0
1994051.6,6830503.2,0.0,0.0,1.0
1991396.1,6833223.2,0.0,2.0,2.0
1991611.3,6833014.1,0.0,2.0,5.0
1991754.7,6832874.7,2.0,2.0,5.0
1993117.3,6831550.6,2.0,0.0,2.0
1993547.6,6831132.4,1.0,2.0,5.0
1996774.7,6827996.3,0.0,0.0,1.0
1991680.9,6833085.8,1.0,0.0,1.0
1991894.1,6833018.1,2.0,0.0,2.0
1993039.5,6832044.5,1.0,0.0,1.0
1993398.1,6831696.0,0.0,1.0,1.0
1991603.2,6833579.7,1.0,1.0,3.0
1991818.3,6833370.7,0.0,2.0,5.0
1993754.6,6831489.0,1.0,2.0,2.0
1992461.7,6832884.8,2.0,2.0,4.0
1992892.0,6832466.7,1.0,5.0,7.0
1992963.7,6832397.0,1.0,1.0,2.0
1993967.7,6831421.3,0.0,2.0,2.0
1992674.8,6832817.2,1.0,2.0,2.0
1992746.6,6832747.5,1.0,2.0,2.0
1993176.8,6832329.3,0.0,0.0,1.0
1994180.9,6831353.6,3.0,1.0,5.0
1994252.6,6831284.0,1.0,0.0,1.0
1992672.8,6832958.6,0.0,2.0,2.0
1994465.7,6831216.3,1.0,1.0,1.0
1994537.4,6831146.6,0.0,1.0,4.0
1995111.1,6830589.1,0.0,2.0,2.0
1992527.4,6833239.4,0.0,2.0,2.0
1994176.8,6831636.5,1.0,1.0,3.0
1994248.5,6831566.8,1.0,0.0,1.0
1994535.4,6831288.0,2.0,4.0,6.0
1997117.1,6828779.1,0.0,2.0,3.0
1997188.9,6828709.4,1.0,0.0,1.0
1995107.1,6830871.9,0.0,2.0,4.0
1993527.3,6832546.5,1.0,2.0,2.0
1994746.5,6831361.7,0.0,4.0,4.0
1995248.5,6830873.9,0.0,0.0,2.0
1996611.1,6829549.8,0.0,1.0,1.0
1997543.4,6828643.8,0.0,0.0,2.0
1996250.5,6830039.6,0.0,1.0,1.0
1996465.6,6829830.5,0.0,2.0,5.0
1996967.6,6829342.7,0.0,2.0,2.0
1997039.4,6829273.0,1.0,2.0,2.0
1997111.1,6829203.3,0.0,2.0,2.0
1993738.4,6832620.2,1.0,0.0,1.0
1996248.5,6830181.0,1.0,0.0,2.0
1997969.6,6828508.4,1.0,1.0,1.0
1994166.7,6832343.5,1.0,0.0,1.0
1994597.0,6831925.3,1.0,0.0,2.0
1997178.7,6829416.4,1.0,1.0,1.0
1998469.6,6828162.0,0.0,1.0,1.0
1998828.2,6827813.5,1.0,0.0,2.0
1994451.5,6832206.1,0.0,2.0,4.0
1996746.4,6829976.0,0.0,1.0,1.0
1996818.1,6829906.3,0.0,2.0,2.0
1996961.6,6829766.9,0.0,2.0,2.0
1997033.3,6829697.2,1.0,0.0,3.0
1999256.5,6827536.8,0.0,1.0,1.0
1999399.9,6827397.4,0.0,1.0,1.0
1996385.8,6830465.9,0.0,1.0,2.0
1997246.4,6829629.6,0.0,1.0,1.0
1993873.8,6833046.5,0.0,0.0,1.0
1999324.1,6827749.9,0.0,2.0,2.0
1999682.7,6827401.5,1.0,3.0,3.0
1993871.7,6833187.9,1.0,3.0,3.0
1997168.6,6830123.5,1.0,2.0,7.0
1997670.6,6829635.6,1.0,2.0,6.0
1997525.2,6829916.4,1.0,2.0,2.0
1997596.9,6829846.7,0.0,0.0,1.0
1997740.3,6829707.3,1.0,1.0,1.0
1998025.2,6829570.0,1.0,1.0,3.0
1997588.8,6830412.4,1.0,1.0,1.0
1999377.6,6828952.9,0.0,2.0,4.0
1999590.7,6828885.2,0.0,2.0,3.0
1999662.5,6828815.5,1.0,1.0,2.0
